Year,Married Filing Jointly (Rates/Brackets),,Married Filing Jointly Salary,Married Filing Separately (Rates/Brackets),,Married Filing Separately Salary,Single Filer (Rates/Brackets),,Single Filer Salary,Head of Household (Rates/Brackets),,Head of Household Salary
,,,,,,,,,,,,
2023,10.00%,>,"$0 ",10.00%,>,$0 ,10.00%,>,$0 ,10.00%,>,$0 
2023,12.00%,>,"$22,000 ",12.00%,>,"$11,000 ",12.00%,>,"$11,000 ",12.00%,>,"$15,700 "
2023,22.00%,>,"$89,450 ",22.00%,>,"$44,725 ",22.00%,>,"$44,725 ",22.00%,>,"$59,850 "
2023,24.00%,>,"$190,750 ",24.00%,>,"$95,375 ",24.00%,>,"$95,375 ",24.00%,>,"$95,350 "
2023,32.00%,>,"$364,200 ",32.00%,>,"$182,100 ",32.00%,>,"$182,100 ",32.00%,>,"$182,100 "
2023,35.00%,>,"$462,500 ",35.00%,>,"$231,250 ",35.00%,>,"$231,250 ",35.00%,>,"$231,250 "
2023,37.00%,>,"$693,750 ",37.00%,>,"$346,875 ",37.00%,>,"$578,125 ",37.00%,>,"$578,100 "
,,,,,,,,,,,,
2022,10.00%,>,$0 ,10.00%,>,$0 ,10.00%,>,$0 ,10.00%,>,$0 
2022,12.00%,>,"$20,550 ",12.00%,>,"$10,275 ",12.00%,>,"$10,275 ",12.00%,>,"$14,650 "
2022,22.00%,>,"$83,550 ",22.00%,>,"$41,775 ",22.00%,>,"$41,775 ",22.00%,>,"$55,900 "
2022,24.00%,>,"$178,150 ",24.00%,>,"$89,075 ",24.00%,>,"$89,075 ",24.00%,>,"$89,050 "
2022,32.00%,>,"$340,100 ",32.00%,>,"$170,050 ",32.00%,>,"$170,050 ",32.00%,>,"$170,050 "
2022,35.00%,>,"$431,900 ",35.00%,>,"$215,950 ",35.00%,>,"$215,950 ",35.00%,>,"$215,950 "
2022,37.00%,>,"$647,850 ",37.00%,>,"$323,925 ",37.00%,>,"$539,900 ",37.00%,>,"$539,900 "
,,,,,,,,,,,,
2021,10.00%,>,$0 ,10.00%,>,$0 ,10.00%,>,$0 ,10.00%,>,$0 
2021,12.00%,>,"$19,900 ",12.00%,>,"$9,950 ",12.00%,>,"$9,950 ",12.00%,>,"$14,200 "
2021,22.00%,>,"$81,050 ",22.00%,>,"$40,525 ",22.00%,>,"$40,525 ",22.00%,>,"$54,200 "
2021,24.00%,>,"$172,750 ",24.00%,>,"$86,375 ",24.00%,>,"$86,375 ",24.00%,>,"$86,350 "
2021,32.00%,>,"$329,850 ",32.00%,>,"$164,925 ",32.00%,>,"$164,925 ",32.00%,>,"$164,900 "
2021,35.00%,>,"$418,850 ",35.00%,>,"$209,425 ",35.00%,>,"$209,425 ",35.00%,>,"$209,400 "
2021,37.00%,>,"$628,301 ",37.00%,>,"$314,150 ",37.00%,>,"$523,600 ",37.00%,>,"$523,600 "
,,,,,,,,,,,,
2020,10.00%,>,$0.00 ,10.00%,>,$0.00 ,10.00%,>,$0.00 ,10.00%,>,$0.00 
2020,12.00%,>,"$19,750 ",12.00%,>,"$9,875 ",12.00%,>,"$9,875 ",12.00%,>,"$14,100 "
2020,22.00%,>,"$80,250 ",22.00%,>,"$40,125 ",22.00%,>,"$40,125 ",22.00%,>,"$53,700 "
2020,24.00%,>,"$171,050 ",24.00%,>,"$85,525 ",24.00%,>,"$85,525 ",24.00%,>,"$85,500 "
2020,32.00%,>,"$326,600 ",32.00%,>,"$163,300 ",32.00%,>,"$163,300 ",32.00%,>,"$163,300 "
2020,35.00%,>,"$414,700 ",35.00%,>,"$207,350 ",35.00%,>,"$207,350 ",35.00%,>,"$207,350 "
2020,37.00%,>,"$622,050 ",37.00%,>,"$311,025 ",37.00%,>,"$518,400 ",37.00%,>,"$518,400 "
,,,,,,,,,,,,
2019,10.00%,>,$0 ,10.00%,>,$0 ,10.00%,>,$0 ,10.00%,>,$0 
2019,12.00%,>,"$19,400 ",12.00%,>,"$9,700 ",12.00%,>,"$9,700 ",12.00%,>,"$13,850 "
2019,22.00%,>,"$78,950 ",22.00%,>,"$39,475 ",22.00%,>,"$39,475 ",22.00%,>,"$52,850 "
2019,24.00%,>,"$168,400 ",24.00%,>,"$84,200 ",24.00%,>,"$84,200 ",24.00%,>,"$84,200 "
2019,32.00%,>,"$321,450 ",32.00%,>,"$160,725 ",32.00%,>,"$160,725 ",32.00%,>,"$160,700 "
2019,35.00%,>,"$408,200 ",35.00%,>,"$204,100 ",35.00%,>,"$204,100 ",35.00%,>,"$204,100 "
2019,37.00%,>,"$612,350 ",37.00%,>,"$306,175 ",37.00%,>,"$510,300 ",37.00%,>,"$510,300 "
,,,,,,,,,,,,
2018,10.00%,>,$0 ,10.00%,>,$0 ,10.00%,>,$0 ,10.00%,>,$0 
2018,12.00%,>,"$19,050 ",12.00%,>,"$9,525 ",12.00%,>,"$9,525 ",12.00%,>,"$13,600 "
2018,22.00%,>,"$77,400 ",22.00%,>,"$38,700 ",22.00%,>,"$38,700 ",22.00%,>,"$51,800 "
2018,24.00%,>,"$165,000 ",24.00%,>,"$82,500 ",24.00%,>,"$82,500 ",24.00%,>,"$82,500 "
2018,32.00%,>,"$315,000 ",32.00%,>,"$157,500 ",32.00%,>,"$157,500 ",32.00%,>,"$157,500 "
2018,35.00%,>,"$400,000 ",35.00%,>,"$200,000 ",35.00%,>,"$200,000 ",35.00%,>,"$200,000 "
2018,37.00%,>,"$600,000 ",37.00%,>,"$300,000 ",37.00%,>,"$500,000 ",37.00%,>,"$500,000 "
,,,,,,,,,,,,
2017,10.00%,>,$0 ,10.00%,>,$0 ,10.00%,>,$0 ,10.00%,>,$0 
2017,15.00%,>,"$18,650 ",15.00%,>,"$9,235 ",15.00%,>,"$9,325 ",15.00%,>,"$13,350 "
2017,25.00%,>,"$75,900 ",25.00%,>,"$37,950 ",25.00%,>,"$37,950 ",25.00%,>,"$50,800 "
2017,28.00%,>,"$153,100 ",28.00%,>,"$76,550 ",28.00%,>,"$91,900 ",28.00%,>,"$131,200 "
2017,33.00%,>,"$233,350 ",33.00%,>,"$116,675 ",33.00%,>,"$191,650 ",33.00%,>,"$212,500 "
2017,35.00%,>,"$416,700 ",35.00%,>,"$208,350 ",35.00%,>,"$416,700 ",35.00%,>,"$416,700 "
2017,39.60%,>,"$470,700 ",39.60%,>,"$235,350 ",39.60%,>,"$418,400 ",39.60%,>,"$444,550 "
,,,,,,,,,,,,
2016,10.00%,>,$0 ,10.00%,>,$0 ,10.00%,>,$0 ,10.00%,>,$0 
2016,15.00%,>,"$18,550 ",15.00%,>,"$9,275 ",15.00%,>,"$9,275 ",15.00%,>,"$13,250 "
2016,25.00%,>,"$75,300 ",25.00%,>,"$37,650 ",25.00%,>,"$37,650 ",25.00%,>,"$50,400 "
2016,28.00%,>,"$151,900 ",28.00%,>,"$75,950 ",28.00%,>,"$91,150 ",28.00%,>,"$130,150 "
2016,33.00%,>,"$231,450 ",33.00%,>,"$115,725 ",33.00%,>,"$190,150 ",33.00%,>,"$210,800 "
2016,35.00%,>,"$413,350 ",35.00%,>,"$206,675 ",35.00%,>,"$413,450 ",35.00%,>,"$413,350 "
2016,39.60%,>,"$466,950 ",39.60%,>,"$233,475 ",39.60%,>,"$415,050 ",39.60%,>,"$441,000 "
,,,,,,,,,,,,
2015,10.00%,>,$0 ,10.00%,>,$0 ,10.00%,>,$0 ,10.00%,>,$0 
2015,15.00%,>,"$18,451 ",15.00%,>,"$9,226 ",15.00%,>,"$9,226 ",15.00%,>,"$13,151 "
2015,25.00%,>,"$74,901 ",25.00%,>,"$37,451 ",25.00%,>,"$37,451 ",25.00%,>,"$50,201 "
2015,28.00%,>,"$151,201 ",28.00%,>,"$75,601 ",28.00%,>,"$90,751 ",28.00%,>,"$129,601 "
2015,33.00%,>,"$230,451 ",33.00%,>,"$115,226 ",33.00%,>,"$189,301 ",33.00%,>,"$209,851 "
2015,35.00%,>,"$411,501 ",35.00%,>,"$205,751 ",35.00%,>,"$411,501 ",35.00%,>,"$411,501 "
2015,39.60%,>,"$464,851 ",39.60%,>,"$232,426 ",39.60%,>,"$413,201 ",39.60%,>,"$439,001 "
,,,,,,,,,,,,
2014,10.00%,>,$0 ,10.00%,>,$0 ,10.00%,>,$0 ,10.00%,>,$0 
2014,15.00%,>,"$18,151 ",15.00%,>,"$9,076 ",15.00%,>,"$9,076 ",15.00%,>,"$12,951 "
2014,25.00%,>,"$73,801 ",25.00%,>,"$36,901 ",25.00%,>,"$36,901 ",25.00%,>,"$49,401 "
2014,28.00%,>,"$148,851 ",28.00%,>,"$74,426 ",28.00%,>,"$89,351 ",28.00%,>,"$127,551 "
2014,33.00%,>,"$226,851 ",33.00%,>,"$113,426 ",33.00%,>,"$186,351 ",33.00%,>,"$206,601 "
2014,35.00%,>,"$405,101 ",35.00%,>,"$202,551 ",35.00%,>,"$405,101 ",35.00%,>,"$405,101 "
2014,39.60%,>,"$457,601 ",39.60%,>,"$228,801 ",39.60%,>,"$406,751 ",39.60%,>,"$432,201 "
,,,,,,,,,,,,
2013,10.00%,>,$0 ,10.00%,>,$0 ,10.00%,>,$0 ,10.00%,>,$0 
2013,15.00%,>,"$17,850 ",15.00%,>,"$8,925 ",15.00%,>,"$8,925 ",15.00%,>,"$12,750 "
2013,25.00%,>,"$72,500 ",25.00%,>,"$36,250 ",25.00%,>,"$36,250 ",25.00%,>,"$48,600 "
2013,28.00%,>,"$146,400 ",28.00%,>,"$73,200 ",28.00%,>,"$87,850 ",28.00%,>,"$125,450 "
2013,33.00%,>,"$223,050 ",33.00%,>,"$111,525 ",33.00%,>,"$183,250 ",33.00%,>,"$203,150 "
2013,35.00%,>,"$398,350 ",35.00%,>,"$199,175 ",35.00%,>,"$398,350 ",35.00%,>,"$398,350 "
2013,39.60%,>,"$450,000 ",39.60%,>,"$225,000 ",39.60%,>,"$400,000 ",39.60%,>,"$425,000 "
,,,,,,,,,,,,
2012,10.00%,>,$0 ,10.00%,>,$0 ,10.00%,>,$0 ,10.00%,>,$0 
2012,15.00%,>,"$17,400 ",15.00%,>,"$8,700 ",15.00%,>,"$8,700 ",15.00%,>,"$12,400 "
2012,25.00%,>,"$70,700 ",25.00%,>,"$35,350 ",25.00%,>,"$35,350 ",25.00%,>,"$47,350 "
2012,28.00%,>,"$142,700 ",28.00%,>,"$71,350 ",28.00%,>,"$85,650 ",28.00%,>,"$122,300 "
2012,33.00%,>,"$217,450 ",33.00%,>,"$108,725 ",33.00%,>,"$178,650 ",33.00%,>,"$198,050 "
2012,35.00%,>,"$388,350 ",35.00%,>,"$194,175 ",35.00%,>,"$388,350 ",35.00%,>,"$388,350 "
,,,,,,,,,,,,
2011,10.00%,>,$0 ,10.00%,>,$0 ,10.00%,>,$0 ,10.00%,>,$0 
2011,15.00%,>,"$17,000 ",15.00%,>,"$8,500 ",15.00%,>,"$8,500 ",15.00%,>,"$12,150.00 "
2011,25.00%,>,"$69,000 ",25.00%,>,"$34,500 ",25.00%,>,"$34,500 ",25.00%,>,"$46,250 "
2011,28.00%,>,"$139,350 ",28.00%,>,"$69,675 ",28.00%,>,"$83,600 ",28.00%,>,"$119,400 "
2011,33.00%,>,"$212,300 ",33.00%,>,"$106,150 ",33.00%,>,"$174,400 ",33.00%,>,"$193,350 "
2011,35.00%,>,"$379,150 ",35.00%,>,"$189,575 ",35.00%,>,"$379,150 ",35.00%,>,"$379,150 "
,,,,,,,,,,,,
2010,10.00%,>,$0 ,10.00%,>,$0 ,10.00%,>,$0 ,10.00%,>,$0 
2010,15.00%,>,"$16,750 ",15.00%,>,"$8,375 ",15.00%,>,"$8,375 ",15.00%,>,"$11,950 "
2010,25.00%,>,"$68,000 ",25.00%,>,"$34,000 ",25.00%,>,"$34,000 ",25.00%,>,"$45,550 "
2010,28.00%,>,"$137,300 ",28.00%,>,"$68,650 ",28.00%,>,"$82,400 ",28.00%,>,"$117,650 "
2010,33.00%,>,"$209,250 ",33.00%,>,"$104,625 ",33.00%,>,"$171,850 ",33.00%,>,"$190,550 "
2010,35.00%,>,"$373,650 ",35.00%,>,"$186,825 ",35.00%,>,"$373,650 ",35.00%,>,"$373,650 "
,,,,,,,,,,,,
2009,10.00%,>,$0 ,10.00%,>,$0 ,10.00%,>,$0 ,10.00%,>,$0 
2009,15.00%,>,"$16,700 ",15.00%,>,"$8,350 ",15.00%,>,"$8,350 ",15.00%,>,"$11,950 "
2009,25.00%,>,"$67,900 ",25.00%,>,"$33,950 ",25.00%,>,"$33,950 ",25.00%,>,"$45,500 "
2009,28.00%,>,"$137,050 ",28.00%,>,"$68,525 ",28.00%,>,"$82,250 ",28.00%,>,"$117,450 "
2009,33.00%,>,"$208,850 ",33.00%,>,"$104,425 ",33.00%,>,"$171,550 ",33.00%,>,"$190,200 "
2009,35.00%,>,"$372,950 ",35.00%,>,"$186,475 ",35.00%,>,"$372,950 ",35.00%,>,"$372,950 "
,,,,,,,,,,,,
2008,10.00%,>,$0 ,10.00%,>,$0 ,10.00%,>,$0 ,10.00%,>,$0 
2008,15.00%,>,"$16,050 ",15.00%,>,"$8,025 ",15.00%,>,"$8,025 ",15.00%,>,"$11,450 "
2008,25.00%,>,"$65,100 ",25.00%,>,"$32,550 ",25.00%,>,"$32,550 ",25.00%,>,"$43,650 "
2008,28.00%,>,"$131,450 ",28.00%,>,"$65,725 ",28.00%,>,"$78,850 ",28.00%,>,"$112,650 "
2008,33.00%,>,"$200,300 ",33.00%,>,"$100,150 ",33.00%,>,"$164,550 ",33.00%,>,"$182,400 "
2008,35.00%,>,"$357,700 ",35.00%,>,"$178,850 ",35.00%,>,"$357,700 ",35.00%,>,"$357,700 "
,,,,,,,,,,,,
2007,10.00%,>,$0 ,10.00%,>,$0 ,10.00%,>,$0 ,10.00%,>,$0 
2007,15.00%,>,"$15,650 ",15.00%,>,"$7,825 ",15.00%,>,"$7,825 ",15.00%,>,"$11,200 "
2007,25.00%,>,"$63,700 ",25.00%,>,"$31,850 ",25.00%,>,"$31,850 ",25.00%,>,"$42,650 "
2007,28.00%,>,"$128,500 ",28.00%,>,"$64,250 ",28.00%,>,"$77,100 ",28.00%,>,"$110,100 "
2007,33.00%,>,"$195,850 ",33.00%,>,"$97,925 ",33.00%,>,"$160,850 ",33.00%,>,"$178,350 "
2007,35.00%,>,"$349,700 ",35.00%,>,"$174,850 ",35.00%,>,"$349,700 ",35.00%,>,"$349,700 "
,,,,,,,,,,,,
2006,10.00%,>,$0 ,10.00%,>,$0 ,10.00%,>,$0 ,10.00%,>,$0 
2006,15.00%,>,"$15,100 ",15.00%,>,"$7,550 ",15.00%,>,"$7,550 ",15.00%,>,"$10,750 "
2006,25.00%,>,"$61,300 ",25.00%,>,"$30,650 ",25.00%,>,"$30,650 ",25.00%,>,"$41,050 "
2006,28.00%,>,"$123,700 ",28.00%,>,"$61,850 ",28.00%,>,"$74,200 ",28.00%,>,"$106,000 "
2006,33.00%,>,"$188,450 ",33.00%,>,"$94,225 ",33.00%,>,"$154,800 ",33.00%,>,"$171,650 "
2006,35.00%,>,"$336,550 ",35.00%,>,"$168,275 ",35.00%,>,"$336,550 ",35.00%,>,"$336,550 "
,,,,,,,,,,,,
2005,10.00%,>,$0 ,10.00%,>,$0 ,10.00%,>,$0 ,10.00%,>,$0 
2005,15.00%,>,"$14,600 ",15.00%,>,"$7,300 ",15.00%,>,"$7,300 ",15.00%,>,"$10,450 "
2005,25.00%,>,"$59,400 ",25.00%,>,"$29,700 ",25.00%,>,"$29,700 ",25.00%,>,"$39,800 "
2005,28.00%,>,"$119,950 ",28.00%,>,"$59,975 ",28.00%,>,"$71,950 ",28.00%,>,"$102,800 "
2005,33.00%,>,"$182,800 ",33.00%,>,"$91,400 ",33.00%,>,"$150,150 ",33.00%,>,"$166,450 "
2005,35.00%,>,"$326,450 ",35.00%,>,"$163,225 ",35.00%,>,"$326,450 ",35.00%,>,"$326,450 "
,,,,,,,,,,,,
2004,10.00%,>,$0 ,10.00%,>,$0 ,10.00%,>,$0 ,10.00%,>,$0 
2004,15.00%,>,"$14,300 ",15.00%,>,"$7,150 ",15.00%,>,"$7,150 ",15.00%,>,"$10,200 "
2004,25.00%,>,"$58,100 ",25.00%,>,"$29,050 ",25.00%,>,"$29,050 ",25.00%,>,"$38,900 "
2004,28.00%,>,"$117,250 ",28.00%,>,"$58,625 ",28.00%,>,"$70,350 ",28.00%,>,"$100,500 "
2004,33.00%,>,"$178,650 ",33.00%,>,"$89,325 ",33.00%,>,"$146,750 ",33.00%,>,"$162,700 "
2004,35.00%,>,"$319,100 ",35.00%,>,"$159,550 ",35.00%,>,"$319,100 ",35.00%,>,"$319,500 "
,,,,,,,,,,,,
2003,10.00%,>,$0 ,10.00%,>,$0 ,10.00%,>,$0 ,10.00%,>,$0 
2003,15.00%,>,"$14,000 ",15.00%,>,"$7,000 ",15.00%,>,"$7,000 ",15.00%,>,"$10,000 "
2003,25.00%,>,"$56,800 ",25.00%,>,"$23,725 ",25.00%,>,"$28,400 ",25.00%,>,"$38,050 "
2003,28.00%,>,"$114,650 ",28.00%,>,"$57,325 ",28.00%,>,"$68,800 ",28.00%,>,"$98,250 "
2003,33.00%,>,"$174,700 ",33.00%,>,"$87,350 ",33.00%,>,"$143,500 ",33.00%,>,"$159,100 "
2003,35.00%,>,"$311,950 ",35.00%,>,"$155,975 ",35.00%,>,"$311,950 ",35.00%,>,"$311,950 "
,,,,,,,,,,,,
2002,10.00%,>,$0 ,10.00%,>,$0 ,10.00%,>,$0 ,10.00%,>,$0 
2002,15.00%,>,"$12,000 ",15.00%,>,"$6,000 ",15.00%,>,"$6,000 ",15.00%,>,"$10,000 "
2002,27.00%,>,"$46,700 ",27.00%,>,"$23,350 ",27.00%,>,"$27,950 ",27.00%,>,"$37,450 "
2002,30.00%,>,"$112,850 ",30.00%,>,"$56,425 ",30.00%,>,"$67,700 ",30.00%,>,"$96,700 "
2002,35.00%,>,"$171,950 ",35.00%,>,"$85,975 ",35.00%,>,"$141,250 ",35.00%,>,"$156,600 "
2002,38.60%,>,"$307,050 ",38.60%,>,"$153,525 ",38.60%,>,"$307,050 ",38.60%,>,"$307,050 "
,,,,,,,,,,,,
2001,15.00%,>,$0 ,15.00%,>,$0 ,15.00%,>,$0 ,15.00%,>,$0 
2001,27.50%,>,"$45,200 ",27.50%,>,"$22,600 ",27.50%,>,"$27,050 ",27.50%,>,"$36,250 "
2001,30.50%,>,"$109,250 ",30.50%,>,"$54,625 ",30.50%,>,"$65,550 ",30.50%,>,"$93,650 "
2001,35.50%,>,"$166,500 ",35.50%,>,"$83,250 ",35.50%,>,"$136,750 ",35.50%,>,"$151,650 "
2001,39.10%,>,"$297,350 ",39.10%,>,"$148,675 ",39.10%,>,"$297,350 ",39.10%,>,"$297,350 "
,,,,,,,,,,,,
2000,15.00%,>,$0 ,15.00%,>,$0 ,15.00%,>,$0 ,15.00%,>,$0 
2000,28.00%,>,"$43,850 ",28.00%,>,"$21,925 ",28.00%,>,"$26,250 ",28.00%,>,"$35,150 "
2000,31.00%,>,"$105,950 ",31.00%,>,"$52,975 ",31.00%,>,"$63,550 ",31.00%,>,"$90,800 "
2000,36.00%,>,"$161,450 ",36.00%,>,"$80,725 ",36.00%,>,"$132,600 ",36.00%,>,"$147,050 "
2000,39.60%,>,"$288,350 ",39.60%,>,"$144,175 ",39.60%,>,"$288,350 ",39.60%,>,"$288,350 "
,,,,,,,,,,,,
1999,15.00%,>,$0 ,15.00%,>,$0 ,15.00%,>,$0 ,15.00%,>,$0 
1999,28.00%,>,"$43,050 ",28.00%,>,"$21,525 ",28.00%,>,"$25,750 ",28.00%,>,"$34,550 "
1999,31.00%,>,"$104,050 ",31.00%,>,"$52,025 ",31.00%,>,"$62,450 ",31.00%,>,"$89,150 "
1999,36.00%,>,"$158,550 ",36.00%,>,"$79,275 ",36.00%,>,"$130,250 ",36.00%,>,"$144,400 "
1999,39.60%,>,"$283,150 ",39.60%,>,"$141,575 ",39.60%,>,"$283,150 ",39.60%,>,"$283,150 "
,,,,,,,,,,,,
1998,15.00%,>,$0 ,15.00%,>,$0 ,15.00%,>,$0 ,15.00%,>,$0 
1998,28.00%,>,"$42,350 ",28.00%,>,"$21,175 ",28.00%,>,"$25,350 ",28.00%,>,"$33,950 "
1998,31.00%,>,"$102,300 ",31.00%,>,"$51,150 ",31.00%,>,"$61,400 ",31.00%,>,"$87,700 "
1998,36.00%,>,"$155,950 ",36.00%,>,"$77,975 ",36.00%,>,"$128,100 ",36.00%,>,"$142,000 "
1998,39.60%,>,"$278,450 ",39.60%,>,"$139,225 ",39.60%,>,"$278,450 ",39.60%,>,"$278,450 "
,,,,,,,,,,,,
1997,15.00%,>,$0 ,15.00%,>,$0 ,15.00%,>,$0 ,15.00%,>,$0 
1997,28.00%,>,"$41,200 ",28.00%,>,"$20,600 ",28.00%,>,"$24,650 ",28.00%,>,"$33,050 "
1997,31.00%,>,"$99,600 ",31.00%,>,"$49,800 ",31.00%,>,"$59,750 ",31.00%,>,"$85,350 "
1997,36.00%,>,"$151,750 ",36.00%,>,"$75,875 ",36.00%,>,"$124,650 ",36.00%,>,"$138,200 "
1997,39.60%,>,"$271,050 ",39.60%,>,"$135,525 ",39.60%,>,"$271,050 ",39.60%,>,"$271,050 "
,,,,,,,,,,,,
1996,15.00%,>,$0 ,15.00%,>,$0 ,15.00%,>,$0 ,15.00%,>,$0 
1996,28.00%,>,"$40,100 ",28.00%,>,"$20,050 ",28.00%,>,"$24,000 ",28.00%,>,"$32,150 "
1996,31.00%,>,"$96,900 ",31.00%,>,"$48,450 ",31.00%,>,"$58,150 ",31.00%,>,"$83,050 "
1996,36.00%,>,"$147,700 ",36.00%,>,"$73,850 ",36.00%,>,"$121,300 ",36.00%,>,"$134,500 "
1996,39.60%,>,"$263,750 ",39.60%,>,"$131,875 ",39.60%,>,"$263,750 ",39.60%,>,"$263,750 "
,,,,,,,,,,,,
1995,15.00%,>,$0 ,15.00%,>,$0 ,15.00%,>,$0 ,15.00%,>,$0 
1995,28.00%,>,"$39,000 ",28.00%,>,"$19,500 ",28.00%,>,"$23,350 ",28.00%,>,"$31,250 "
1995,31.00%,>,"$94,250 ",31.00%,>,"$47,125 ",31.00%,>,"$56,550 ",31.00%,>,"$80,750 "
1995,36.00%,>,"$143,600 ",36.00%,>,"$71,800 ",36.00%,>,"$117,950 ",36.00%,>,"$130,800 "
1995,39.60%,>,"$256,500 ",39.60%,>,"$128,250 ",39.60%,>,"$256,500 ",39.60%,>,"$256,500 "
,,,,,,,,,,,,
1994,15.00%,>,$0 ,15.00%,>,$0 ,15.00%,>,$0 ,15.00%,>,$0 
1994,28.00%,>,"$38,000 ",28.00%,>,"$19,000 ",28.00%,>,"$22,750 ",28.00%,>,"$30,500 "
1994,31.00%,>,"$91,850 ",31.00%,>,"$45,925 ",31.00%,>,"$55,100 ",31.00%,>,"$78,700 "
1994,36.00%,>,"$140,000 ",36.00%,>,"$70,000 ",36.00%,>,"$115,000 ",36.00%,>,"$127,500 "
1994,39.60%,>,"$250,000 ",39.60%,>,"$125,000 ",39.60%,>,"$250,000 ",39.60%,>,"$250,000 "
,,,,,,,,,,,,
1993,15.00%,>,$0 ,15.00%,>,$0 ,15.00%,>,$0 ,15.00%,>,$0 
1993,28.00%,>,"$36,900 ",28.00%,>,"$18,450 ",28.00%,>,"$22,100 ",28.00%,>,"$29,600 "
1993,31.00%,>,"$89,150 ",31.00%,>,"$44,575 ",31.00%,>,"$53,500 ",31.00%,>,"$76,400 "
1993,36.00%,>,"$140,000 ",36.00%,>,"$70,000 ",36.00%,>,"$115,000 ",36.00%,>,"$127,500 "
1993,39.60%,>,"$250,000 ",39.60%,>,"$125,000 ",39.60%,>,"$250,000 ",39.60%,>,"$250,000 "
,,,,,,,,,,,,
1992,15.00%,>,$0 ,15.00%,>,$0 ,15.00%,>,$0 ,15.00%,>,$0 
1992,28.00%,>,"$35,800 ",28.00%,>,"$17,900 ",28.00%,>,"$21,450 ",28.00%,>,"$28,750 "
1992,31.00%,>,"$86,500 ",31.00%,>,"$43,250 ",31.00%,>,"$51,900 ",31.00%,>,"$74,150 "
,,,,,,,,,,,,
1991,15.00%,>,$0 ,15.00%,>,$0 ,15.00%,>,$0 ,15.00%,>,$0 
1991,28.00%,>,"$34,000 ",28.00%,>,"$17,000 ",28.00%,>,"$20,350 ",28.00%,>,"$27,300 "
1991,31.00%,>,"$82,150 ",31.00%,>,"$41,075 ",31.00%,>,"$49,300 ",31.00%,>,"$70,450 "
,,,,,,,,,,,,
1990,15.00%,>,$0 ,15.00%,>,$0 ,15.00%,>,$0 ,15.00%,>,$0 
1990,28.00%,>,"$32,450 ",28.00%,>,"$16,225 ",28.00%,>,"$19,450 ",28.00%,>,"$26,050 "
,,,,,,,,,,,,
1989,15.00%,>,$0 ,15.00%,>,$0 ,15.00%,>,$0 ,15.00%,>,$0 
1989,28.00%,>,"$30,950 ",28.00%,>,"$15,475 ",28.00%,>,"$18,550 ",28.00%,>,"$24,850 "
,,,,,,,,,,,,
1988,15.00%,>,$0 ,15.00%,>,$0 ,15.00%,>,$0 ,15.00%,>,$0 
1988,28.00%,>,"$29,750 ",28.00%,>,"$14,875 ",28.00%,>,"$17,850 ",28.00%,>,"$23,900 "
,,,,,,,,,,,,
1987,11.00%,>,$0 ,11.00%,>,$0 ,11.00%,>,$0 ,11.00%,>,$0 
1987,15.00%,>,"$3,000 ",15.00%,>,"$1,500 ",15.00%,>,"$1,800 ",15.00%,>,"$2,500 "
1987,28.00%,>,"$28,000 ",28.00%,>,"$14,000 ",28.00%,>,"$16,800 ",28.00%,>,"$23,000 "
1987,35.00%,>,"$45,000 ",35.00%,>,"$22,500 ",35.00%,>,"$27,000 ",35.00%,>,"$38,000 "
1987,38.50%,>,"$90,000 ",38.50%,>,"$45,000 ",38.50%,>,"$54,000 ",38.50%,>,"$80,000 "
,,,,,,,,,,,,
1986,0.00%,>,$0 ,0.00%,>,$0 ,0.00%,>,$0 ,0.00%,>,$0 
1986,11.00%,>,"$3,670 ",11.00%,>,"$1,835 ",11.00%,>,"$2,480 ",11.00%,>,"$2,480 "
1986,12.00%,>,"$5,940 ",12.00%,>,"$2,970 ",12.00%,>,"$3,670 ",12.00%,>,"$4,750 "
1986,14.00%,>,"$8,200 ",14.00%,>,"$4,100 ",14.00%,>,"$4,750 ",14.00%,>,"$7,010 "
1986,16.00%,>,"$12,840 ",16.00%,>,"$6,420 ",15.00%,>,"$7,010 ",17.00%,>,"$9,390 "
1986,18.00%,>,"$17,270 ",18.00%,>,"$8,635 ",16.00%,>,"$9,170 ",18.00%,>,"$12,730 "
1986,22.00%,>,"$21,800 ",22.00%,>,"$10,900 ",18.00%,>,"$11,650 ",20.00%,>,"$16,190 "
1986,25.00%,>,"$26,550 ",25.00%,>,"$13,275 ",20.00%,>,"$13,920 ",24.00%,>,"$19,640 "
1986,28.00%,>,"$32,270 ",28.00%,>,"$16,135 ",23.00%,>,"$16,190 ",28.00%,>,"$25,360 "
1986,33.00%,>,"$37,980 ",33.00%,>,"$18,990 ",26.00%,>,"$19,640 ",32.00%,>,"$31,080 "
1986,38.00%,>,"$49,420 ",38.00%,>,"$24,710 ",30.00%,>,"$25,360 ",35.00%,>,"$36,800 "
1986,42.00%,>,"$64,750 ",42.00%,>,"$32,375 ",34.00%,>,"$31,080 ",42.00%,>,"$48,240 "
1986,45.00%,>,"$92,370 ",45.00%,>,"$46,185 ",38.00%,>,"$36,800 ",45.00%,>,"$65,390 "
1986,49.00%,>,"$118,050 ",49.00%,>,"$59,025 ",42.00%,>,"$44,780 ",48.00%,>,"$88,270 "
1986,50.00%,>,"$175,250 ",50.00%,>,"$87,625 ",48.00%,>,"$59,670 ",50.00%,>,"$116,870 "
1986,,,,,,,50.00%,>,"$88,270 ",,,
,,,,,,,,,,,,
1985,0.00%,>,$0 ,0.00%,>,$0 ,0.00%,>,$0 ,0.00%,>,$0 
1985,11.00%,>,"$3,540 ",11.00%,>,"$1,770 ",11.00%,>,"$2,390 ",11.00%,>,"$2,390 "
1985,12.00%,>,"$5,720 ",12.00%,>,"$2,860 ",12.00%,>,"$3,540 ",12.00%,>,"$4,580 "
1985,14.00%,>,"$7,910 ",14.00%,>,"$3,955 ",14.00%,>,"$4,580 ",14.00%,>,"$6,760 "
1985,16.00%,>,"$12,390 ",16.00%,>,"$6,195 ",15.00%,>,"$6,760 ",17.00%,>,"$9,050 "
1985,18.00%,>,"$16,650 ",18.00%,>,"$8,325 ",16.00%,>,"$8,850 ",18.00%,>,"$12,280 "
1985,22.00%,>,"$21,020 ",22.00%,>,"$10,510 ",18.00%,>,"$11,240 ",20.00%,>,"$15,610 "
1985,25.00%,>,"$25,600 ",25.00%,>,"$12,800 ",20.00%,>,"$13,430 ",24.00%,>,"$18,940 "
1985,28.00%,>,"$31,120 ",28.00%,>,"$15,560 ",23.00%,>,"$15,610 ",28.00%,>,"$24,460 "
1985,33.00%,>,"$36,630 ",33.00%,>,"$18,315 ",26.00%,>,"$18,940 ",32.00%,>,"$29,970 "
1985,38.00%,>,"$47,670 ",38.00%,>,"$23,835 ",30.00%,>,"$24,460 ",35.00%,>,"$35,490 "
1985,42.00%,>,"$62,450 ",42.00%,>,"$31,225 ",34.00%,>,"$29,970 ",42.00%,>,"$46,520 "
1985,45.00%,>,"$89,090 ",45.00%,>,"$44,545 ",38.00%,>,"$35,490 ",45.00%,>,"$63,070 "
1985,49.00%,>,"$113,860 ",49.00%,>,"$56,930 ",42.00%,>,"$43,190 ",48.00%,>,"$85,130 "
1985,50.00%,>,"$169,020 ",50.00%,>,"$84,510 ",48.00%,>,"$57,550 ",50.00%,>,"$112,720 "
1985,,,,,,,50.00%,>,"$85,130 ",,,
,,,,,,,,,,,,
1984,0.00%,>,$0 ,0.00%,>,$0 ,0.00%,>,$0 ,0.00%,>,$0 
1984,11.00%,>,"$3,400 ",11.00%,>,"$1,700 ",11.00%,>,"$2,300 ",11.00%,>,"$2,300 "
1984,12.00%,>,"$5,500 ",12.00%,>,"$2,750 ",12.00%,>,"$3,400 ",12.00%,>,"$4,400 "
1984,14.00%,>,"$7,600 ",14.00%,>,"$3,800 ",14.00%,>,"$4,400 ",14.00%,>,"$6,500 "
1984,16.00%,>,"$11,900 ",16.00%,>,"$5,950 ",15.00%,>,"$6,500 ",17.00%,>,"$8,700 "
1984,18.00%,>,"$16,000 ",18.00%,>,"$8,000 ",16.00%,>,"$8,500 ",18.00%,>,"$11,800 "
1984,22.00%,>,"$20,200 ",22.00%,>,"$10,100 ",18.00%,>,"$10,800 ",20.00%,>,"$15,000 "
1984,25.00%,>,"$24,600 ",25.00%,>,"$12,300 ",20.00%,>,"$12,900 ",24.00%,>,"$18,200 "
1984,28.00%,>,"$29,900 ",28.00%,>,"$14,950 ",23.00%,>,"$15,000 ",28.00%,>,"$23,500 "
1984,33.00%,>,"$35,200 ",33.00%,>,"$17,600 ",26.00%,>,"$18,200 ",32.00%,>,"$28,800 "
1984,38.00%,>,"$45,800 ",38.00%,>,"$22,900 ",30.00%,>,"$23,500 ",35.00%,>,"$34,100 "
1984,42.00%,>,"$60,000 ",42.00%,>,"$30,000 ",34.00%,>,"$28,800 ",42.00%,>,"$44,700 "
1984,45.00%,>,"$85,600 ",45.00%,>,"$42,800 ",38.00%,>,"$34,100 ",45.00%,>,"$60,600 "
1984,49.00%,>,"$109,400 ",49.00%,>,"$54,700 ",42.00%,>,"$41,500 ",48.00%,>,"$81,800 "
1984,50.00%,>,"$162,400 ",50.00%,>,"$81,200 ",48.00%,>,"$55,300 ",50.00%,>,"$108,300 "
1984,,,,,,,50.00%,>,"$81,800 ",,,
,,,,,,,,,,,,
1983,0.00%,>,$0 ,0.00%,>,$0 ,0.00%,>,$0 ,0.00%,>,$0 
1983,11.00%,>,"$3,400 ",11.00%,>,"$1,700 ",11.00%,>,"$2,300 ",11.00%,>,"$2,300 "
1983,13.00%,>,"$5,500 ",13.00%,>,"$2,750 ",13.00%,>,"$3,400 ",13.00%,>,"$4,400 "
1983,15.00%,>,"$7,600 ",15.00%,>,"$3,800 ",15.00%,>,"$4,400 ",15.00%,>,"$6,500 "
1983,17.00%,>,"$11,900 ",17.00%,>,"$5,950 ",17.00%,>,"$8,500 ",18.00%,>,"$8,700 "
1983,19.00%,>,"$16,000 ",19.00%,>,"$8,000 ",19.00%,>,"$10,800 ",19.00%,>,"$11,800 "
1983,23.00%,>,"$20,200 ",23.00%,>,"$10,100 ",21.00%,>,"$12,900 ",21.00%,>,"$15,000 "
1983,26.00%,>,"$24,600 ",26.00%,>,"$12,300 ",24.00%,>,"$15,000 ",25.00%,>,"$18,200 "
1983,30.00%,>,"$29,900 ",30.00%,>,"$14,950 ",28.00%,>,"$18,200 ",29.00%,>,"$23,500 "
1983,35.00%,>,"$35,200 ",35.00%,>,"$17,600 ",32.00%,>,"$23,500 ",34.00%,>,"$28,800 "
1983,40.00%,>,"$45,800 ",40.00%,>,"$22,900 ",36.00%,>,"$28,800 ",37.00%,>,"$34,100 "
1983,44.00%,>,"$60,000 ",44.00%,>,"$30,000 ",40.00%,>,"$34,100 ",44.00%,>,"$44,700 "
1983,48.00%,>,"$85,600 ",48.00%,>,"$42,800 ",45.00%,>,"$41,500 ",48.00%,>,"$60,600 "
1983,50.00%,>,"$109,400 ",50.00%,>,"$54,700 ",50.00%,>,"$55,300 ",50.00%,>,"$81,800 "
,,,,,,,,,,,,
1982,0.00%,>,$0 ,0.00%,>,$0 ,0.00%,>,$0 ,0.00%,>,$0 
1982,12.00%,>,"$3,400 ",12.00%,>,"$1,700 ",12.00%,>,"$2,300 ",12.00%,>,"$2,300 "
1982,14.00%,>,"$5,500 ",14.00%,>,"$2,750 ",14.00%,>,"$3,400 ",14.00%,>,"$4,400 "
1982,16.00%,>,"$7,600 ",16.00%,>,"$3,800 ",16.00%,>,"$4,400 ",16.00%,>,"$6,500 "
1982,19.00%,>,"$11,900 ",19.00%,>,"$5,950 ",17.00%,>,"$6,500 ",20.00%,>,"$8,700 "
1982,22.00%,>,"$16,000 ",22.00%,>,"$8,000 ",19.00%,>,"$8,500 ",22.00%,>,"$11,800 "
1982,25.00%,>,"$20,200 ",25.00%,>,"$10,100 ",22.00%,>,"$10,800 ",23.00%,>,"$15,000 "
1982,29.00%,>,"$24,600 ",29.00%,>,"$12,300 ",23.00%,>,"$12,900 ",28.00%,>,"$18,200 "
1982,33.00%,>,"$29,900 ",33.00%,>,"$14,950 ",27.00%,>,"$15,000 ",32.00%,>,"$23,500 "
1982,39.00%,>,"$35,200 ",39.00%,>,"$17,600 ",31.00%,>,"$18,200 ",38.00%,>,"$28,800 "
1982,44.00%,>,"$45,800 ",44.00%,>,"$22,900 ",35.00%,>,"$23,500 ",41.00%,>,"$34,100 "
1982,49.00%,>,"$60,000 ",49.00%,>,"$30,000 ",40.00%,>,"$28,800 ",49.00%,>,"$44,700 "
1982,50.00%,>,"$85,600 ",50.00%,>,"$42,800 ",44.00%,>,"$34,100 ",50.00%,>,"$60,600 "
1982,,,,,,,50.00%,>,"$41,500 ",,,
,,,,,,,,,,,,
1981,0.00%,>,$0 ,0.00%,>,$0 ,0.00%,>,$0 ,0.00%,>,$0 
1981,14.00%,>,"$3,400 ",14.00%,>,"$1,700 ",14.00%,>,"$2,300 ",14.00%,>,"$2,300 "
1981,16.00%,>,"$5,500 ",16.00%,>,"$2,750 ",16.00%,>,"$3,400 ",16.00%,>,"$4,400 "
1981,18.00%,>,"$7,600 ",18.00%,>,"$3,800 ",18.00%,>,"$4,400 ",18.00%,>,"$6,500 "
1981,21.00%,>,"$11,900 ",21.00%,>,"$5,950 ",19.00%,>,"$6,500 ",22.00%,>,"$8,700 "
1981,24.00%,>,"$16,000 ",24.00%,>,"$8,000 ",21.00%,>,"$8,500 ",24.00%,>,"$11,800 "
1981,28.00%,>,"$20,200 ",28.00%,>,"$10,100 ",24.00%,>,"$10,800 ",26.00%,>,"$15,000 "
1981,32.00%,>,"$24,600 ",32.00%,>,"$12,300 ",26.00%,>,"$12,900 ",31.00%,>,"$18,200 "
1981,37.00%,>,"$29,900 ",37.00%,>,"$14,950 ",30.00%,>,"$15,000 ",36.00%,>,"$23,500 "
1981,43.00%,>,"$35,200 ",43.00%,>,"$17,600 ",34.00%,>,"$18,200 ",42.00%,>,"$28,800 "
1981,49.00%,>,"$45,800 ",49.00%,>,"$22,900 ",39.00%,>,"$23,500 ",46.00%,>,"$34,100 "
1981,54.00%,>,"$60,000 ",54.00%,>,"$30,000 ",44.00%,>,"$28,800 ",54.00%,>,"$44,700 "
1981,59.00%,>,"$85,600 ",59.00%,>,"$42,800 ",49.00%,>,"$34,100 ",59.00%,>,"$60,600 "
1981,64.00%,>,"$109,400 ",64.00%,>,"$54,700 ",55.00%,>,"$41,500 ",63.00%,>,"$81,800 "
1981,68.00%,>,"$162,400 ",68.00%,>,"$81,200 ",63.00%,>,"$55,300 ",68.00%,>,"$108,300 "
1981,70.00%,>,"$215,400 ",70.00%,>,"$107,700 ",68.00%,>,"$81,800 ",70.00%,>,"$161,300 "
1981,,,,,,,70.00%,>,"$108,300 ",,,
,,,,,,,,,,,,
1980,0.00%,>,$0 ,0.00%,>,$0 ,0.00%,>,$0 ,0.00%,>,$0 
1980,14.00%,>,"$3,400 ",14.00%,>,"$1,700 ",14.00%,>,"$2,300 ",14.00%,>,"$2,300 "
1980,16.00%,>,"$5,500 ",16.00%,>,"$2,750 ",16.00%,>,"$3,400 ",16.00%,>,"$4,400 "
1980,18.00%,>,"$7,600 ",18.00%,>,"$3,800 ",18.00%,>,"$4,400 ",18.00%,>,"$6,500 "
1980,21.00%,>,"$11,900 ",21.00%,>,"$5,950 ",19.00%,>,"$6,500 ",22.00%,>,"$8,700 "
1980,24.00%,>,"$16,000 ",24.00%,>,"$8,000 ",21.00%,>,"$8,500 ",24.00%,>,"$11,800 "
1980,28.00%,>,"$20,200 ",28.00%,>,"$10,100 ",24.00%,>,"$10,800 ",26.00%,>,"$15,000 "
1980,32.00%,>,"$24,600 ",32.00%,>,"$12,300 ",26.00%,>,"$12,900 ",31.00%,>,"$18,200 "
1980,37.00%,>,"$29,900 ",37.00%,>,"$14,950 ",30.00%,>,"$15,000 ",36.00%,>,"$23,500 "
1980,43.00%,>,"$35,200 ",43.00%,>,"$17,600 ",34.00%,>,"$18,200 ",42.00%,>,"$28,800 "
1980,49.00%,>,"$45,800 ",49.00%,>,"$22,900 ",39.00%,>,"$23,500 ",46.00%,>,"$34,100 "
1980,54.00%,>,"$60,000 ",54.00%,>,"$30,000 ",44.00%,>,"$28,800 ",54.00%,>,"$44,700 "
1980,59.00%,>,"$85,600 ",59.00%,>,"$42,800 ",49.00%,>,"$34,100 ",59.00%,>,"$60,600 "
1980,64.00%,>,"$109,400 ",64.00%,>,"$54,700 ",55.00%,>,"$41,500 ",63.00%,>,"$81,800 "
1980,68.00%,>,"$162,400 ",68.00%,>,"$81,200 ",63.00%,>,"$55,300 ",68.00%,>,"$108,300 "
1980,70.00%,>,"$215,400 ",70.00%,>,"$107,700 ",68.00%,>,"$81,800 ",70.00%,>,"$161,300 "
1980,,,,,,,70.00%,>,"$108,300 ",,,
,,,,,,,,,,,,
1979,0.00%,>,$0 ,0.00%,>,$0 ,0.00%,>,$0 ,0.00%,>,$0 
1979,14.00%,>,"$3,400 ",14.00%,>,"$1,700 ",14.00%,>,"$2,300 ",14.00%,>,"$2,300 "
1979,16.00%,>,"$5,500 ",16.00%,>,"$2,750 ",16.00%,>,"$3,400 ",16.00%,>,"$4,400 "
1979,18.00%,>,"$7,600 ",18.00%,>,"$3,800 ",18.00%,>,"$4,400 ",18.00%,>,"$6,500 "
1979,21.00%,>,"$11,900 ",21.00%,>,"$5,950 ",19.00%,>,"$6,500 ",22.00%,>,"$8,700 "
1979,24.00%,>,"$16,000 ",24.00%,>,"$8,000 ",21.00%,>,"$8,500 ",24.00%,>,"$11,800 "
1979,28.00%,>,"$20,200 ",28.00%,>,"$10,100 ",24.00%,>,"$10,800 ",26.00%,>,"$15,000 "
1979,32.00%,>,"$24,600 ",32.00%,>,"$12,300 ",26.00%,>,"$12,900 ",31.00%,>,"$18,200 "
1979,37.00%,>,"$29,900 ",37.00%,>,"$14,950 ",30.00%,>,"$15,000 ",36.00%,>,"$23,500 "
1979,43.00%,>,"$35,200 ",43.00%,>,"$17,600 ",34.00%,>,"$18,200 ",42.00%,>,"$28,800 "
1979,49.00%,>,"$45,800 ",49.00%,>,"$22,900 ",39.00%,>,"$23,500 ",46.00%,>,"$34,100 "
1979,54.00%,>,"$60,000 ",54.00%,>,"$30,000 ",44.00%,>,"$28,800 ",54.00%,>,"$44,700 "
1979,59.00%,>,"$85,600 ",59.00%,>,"$42,800 ",49.00%,>,"$34,100 ",59.00%,>,"$60,600 "
1979,64.00%,>,"$109,400 ",64.00%,>,"$54,700 ",55.00%,>,"$41,500 ",63.00%,>,"$81,800 "
1979,68.00%,>,"$162,400 ",68.00%,>,"$81,200 ",63.00%,>,"$55,300 ",68.00%,>,"$108,300 "
1979,70.00%,>,"$215,400 ",70.00%,>,"$107,700 ",68.00%,>,"$81,800 ",70.00%,>,"$161,300 "
1979,,,,,,,70.00%,>,"$108,300 ",,,
,,,,,,,,,,,,
1978,0.00%,>,$0 ,0.00%,>,$0 ,0.00%,>,$0 ,0.00%,>,$0 
1978,14.00%,>,"$3,200 ",14.00%,>,"$1,600 ",14.00%,>,"$2,200 ",14.00%,>,"$2,200 "
1978,15.00%,>,"$4,200 ",15.00%,>,"$2,100 ",15.00%,>,"$2,700 ",16.00%,>,"$3,200 "
1978,16.00%,>,"$5,200 ",16.00%,>,"$2,600 ",16.00%,>,"$3,200 ",18.00%,>,"$4,200 "
1978,17.00%,>,"$6,200 ",17.00%,>,"$3,100 ",17.00%,>,"$3,700 ",19.00%,>,"$6,200 "
1978,19.00%,>,"$7,200 ",19.00%,>,"$3,600 ",19.00%,>,"$4,200 ",22.00%,>,"$8,200 "
1978,22.00%,>,"$11,200 ",22.00%,>,"$5,600 ",21.00%,>,"$6,200 ",23.00%,>,"$10,200 "
1978,25.00%,>,"$15,200 ",25.00%,>,"$7,600 ",24.00%,>,"$8,200 ",25.00%,>,"$12,200 "
1978,28.00%,>,"$19,200 ",28.00%,>,"$9,500 ",25.00%,>,"$10,200 ",27.00%,>,"$14,200 "
1978,32.00%,>,"$23,200 ",32.00%,>,"$11,600 ",27.00%,>,"$12,200 ",28.00%,>,"$16,200 "
1978,36.00%,>,"$27,200 ",36.00%,>,"$13,600 ",29.00%,>,"$14,200 ",31.00%,>,"$18,200 "
1978,49.00%,>,"$31,200 ",39.00%,>,"$15,600 ",31.00%,>,"$16,200 ",32.00%,>,"$20,200 "
1978,42.00%,>,"$35,200 ",42.00%,>,"$17,600 ",34.00%,>,"$18,200 ",35.00%,>,"$22,200 "
1978,45.00%,>,"$39,200 ",45.00%,>,"$19,600 ",36.00%,>,"$20,200 ",36.00%,>,"$24,200 "
1978,48.00%,>,"$43,200 ",48.00%,>,"$21,600 ",38.00%,>,"$22,200 ",38.00%,>,"$26,200 "
1978,50.00%,>,"$47,200 ",50.00%,>,"$23,600 ",40.00%,>,"$24,200 ",41.00%,>,"$28,200 "
1978,53.00%,>,"$55,200 ",53.00%,>,"$27,300 ",45.00%,>,"$28,200 ",42.00%,>,"$30,200 "
1978,55.00%,>,"$67,200 ",55.00%,>,"$33,600 ",50.00%,>,"$34,200 ",45.00%,>,"$34,200 "
1978,58.00%,>,"$79,200 ",58.00%,>,"$39,600 ",55.00%,>,"$40,200 ",48.00%,>,"$38,200 "
1978,60.00%,>,"$91,200 ",60.00%,>,"$45,600 ",60.00%,>,"$46,200 ",51.00%,>,"$40,200 "
1978,62.00%,>,"$103,200 ",62.00%,>,"$51,600 ",62.00%,>,"$52,200 ",52.00%,>,"$42,200 "
1978,64.00%,>,"$123,200 ",64.00%,>,"$61,600 ",64.00%,>,"$62,200 ",55.00%,>,"$46,200 "
1978,66.00%,>,"$143,200 ",66.00%,>,"$71,600 ",66.00%,>,"$72,200 ",56.00%,>,"$52,200 "
1978,68.00%,>,"$163,200 ",68.00%,>,"$81,600 ",68.00%,>,"$82,200 ",58.00%,>,"$54,200 "
1978,69.00%,>,"$183,200 ",69.00%,>,"$91,600 ",69.00%,>,"$92,200 ",59.00%,>,"$66,200 "
1978,70.00%,>,"$203,200 ",70.00%,>,"$101,600 ",70.00%,>,"$102,200 ",61.00%,>,"$72,200 "
1978,,,,,,,,,,62.00%,>,"$78,200 "
1978,,,,,,,,,,63.00%,>,"$82,200 "
1978,,,,,,,,,,64.00%,>,"$90,200 "
1978,,,,,,,,,,66.00%,>,"$102,200 "
1978,,,,,,,,,,67.00%,>,"$122,200 "
1978,,,,,,,,,,68.00%,>,"$142,200 "
1978,,,,,,,,,,69.00%,>,"$162,200 "
1978,,,,,,,,,,70.00%,>,"$182,200 "
,,,,,,,,,,,,
1977,0.00%,>,$0 ,0.00%,>,$0 ,0.00%,>,$0 ,0.00%,>,$0 
1977,14.00%,>,"$3,200 ",14.00%,>,"$1,600 ",14.00%,>,"$2,200 ",14.00%,>,"$2,200 "
1977,15.00%,>,"$4,200 ",15.00%,>,"$2,100 ",15.00%,>,"$2,700 ",16.00%,>,"$3,200 "
1977,16.00%,>,"$5,200 ",16.00%,>,"$2,600 ",16.00%,>,"$3,200 ",18.00%,>,"$4,200 "
1977,17.00%,>,"$6,200 ",17.00%,>,"$3,100 ",17.00%,>,"$3,700 ",19.00%,>,"$6,200 "
1977,19.00%,>,"$7,200 ",19.00%,>,"$3,600 ",19.00%,>,"$4,200 ",22.00%,>,"$8,200 "
1977,22.00%,>,"$11,200 ",22.00%,>,"$5,600 ",21.00%,>,"$6,200 ",23.00%,>,"$10,200 "
1977,25.00%,>,"$15,200 ",25.00%,>,"$7,600 ",24.00%,>,"$8,200 ",25.00%,>,"$12,200 "
1977,28.00%,>,"$19,200 ",28.00%,>,"$9,500 ",25.00%,>,"$10,200 ",27.00%,>,"$14,200 "
1977,32.00%,>,"$23,200 ",32.00%,>,"$11,600 ",27.00%,>,"$12,200 ",28.00%,>,"$16,200 "
1977,36.00%,>,"$27,200 ",36.00%,>,"$13,600 ",29.00%,>,"$14,200 ",31.00%,>,"$18,200 "
1977,39.00%,>,"$31,200 ",39.00%,>,"$15,600 ",31.00%,>,"$16,200 ",32.00%,>,"$20,200 "
1977,42.00%,>,"$35,200 ",42.00%,>,"$17,600 ",34.00%,>,"$18,200 ",35.00%,>,"$22,200 "
1977,45.00%,>,"$39,200 ",45.00%,>,"$19,600 ",36.00%,>,"$20,200 ",36.00%,>,"$24,200 "
1977,48.00%,>,"$43,200 ",48.00%,>,"$21,600 ",38.00%,>,"$22,200 ",38.00%,>,"$26,200 "
1977,50.00%,>,"$47,200 ",50.00%,>,"$23,600 ",40.00%,>,"$24,200 ",41.00%,>,"$28,200 "
1977,53.00%,>,"$55,200 ",53.00%,>,"$27,300 ",45.00%,>,"$28,200 ",42.00%,>,"$30,200 "
1977,55.00%,>,"$67,200 ",55.00%,>,"$33,600 ",50.00%,>,"$34,200 ",45.00%,>,"$34,200 "
1977,58.00%,>,"$79,200 ",58.00%,>,"$39,600 ",55.00%,>,"$40,200 ",48.00%,>,"$38,200 "
1977,60.00%,>,"$91,200 ",60.00%,>,"$45,600 ",60.00%,>,"$46,200 ",51.00%,>,"$40,200 "
1977,62.00%,>,"$103,200 ",62.00%,>,"$51,600 ",62.00%,>,"$52,200 ",52.00%,>,"$42,200 "
1977,64.00%,>,"$123,200 ",64.00%,>,"$61,600 ",64.00%,>,"$62,200 ",55.00%,>,"$46,200 "
1977,66.00%,>,"$143,200 ",66.00%,>,"$71,600 ",66.00%,>,"$72,200 ",56.00%,>,"$52,200 "
1977,68.00%,>,"$163,200 ",68.00%,>,"$81,600 ",68.00%,>,"$82,200 ",58.00%,>,"$54,200 "
1977,69.00%,>,"$183,200 ",69.00%,>,"$91,600 ",69.00%,>,"$92,200 ",59.00%,>,"$66,200 "
1977,70.00%,>,"$203,200 ",70.00%,>,"$101,600 ",70.00%,>,"$102,200 ",61.00%,>,"$72,200 "
1977,,,,,,,,,,62.00%,>,"$78,200 "
1977,,,,,,,,,,63.00%,>,"$82,200 "
1977,,,,,,,,,,64.00%,>,"$90,200 "
1977,,,,,,,,,,66.00%,>,"$102,200 "
1977,,,,,,,,,,67.00%,>,"$122,200 "
1977,,,,,,,,,,68.00%,>,"$142,200 "
1977,,,,,,,,,,69.00%,>,"$162,200 "
1977,,,,,,,,,,70.00%,>,"$182,200 "
,,,,,,,,,,,,
1976,14.00%,>,$0 ,14.00%,>,$0 ,14.00%,>,$0 ,14.00%,>,$0 
1976,15.00%,>,"$1,000 ",15.00%,>,$500 ,15.00%,>,$500 ,16.00%,>,"$1,000 "
1976,16.00%,>,"$2,000 ",16.00%,>,"$1,000 ",16.00%,>,"$1,000 ",18.00%,>,"$2,000 "
1976,17.00%,>,"$3,000 ",17.00%,>,"$1,500 ",17.00%,>,"$1,500 ",19.00%,>,"$4,000 "
1976,19.00%,>,"$4,000 ",19.00%,>,"$2,000 ",19.00%,>,"$2,000 ",22.00%,>,"$6,000 "
1976,22.00%,>,"$8,000 ",22.00%,>,"$4,000 ",22.00%,>,"$4,000 ",23.00%,>,"$8,000 "
1976,25.00%,>,"$12,000 ",25.00%,>,"$6,000 ",25.00%,>,"$6,000 ",25.00%,>,"$10,000 "
1976,28.00%,>,"$16,000 ",28.00%,>,"$8,000 ",28.00%,>,"$8,000 ",27.00%,>,"$12,000 "
1976,32.00%,>,"$20,000 ",32.00%,>,"$10,000 ",32.00%,>,"$10,000 ",28.00%,>,"$14,000 "
1976,36.00%,>,"$24,000 ",36.00%,>,"$12,000 ",36.00%,>,"$12,000 ",31.00%,>,"$16,000 "
1976,39.00%,>,"$28,000 ",39.00%,>,"$14,000 ",39.00%,>,"$14,000 ",32.00%,>,"$18,000 "
1976,42.00%,>,"$32,000 ",42.00%,>,"$16,000 ",42.00%,>,"$16,000 ",35.00%,>,"$20,000 "
1976,45.00%,>,"$36,000 ",45.00%,>,"$18,000 ",45.00%,>,"$18,000 ",36.00%,>,"$22,000 "
1976,48.00%,>,"$40,000 ",48.00%,>,"$20,000 ",48.00%,>,"$20,000 ",38.00%,>,"$24,000 "
1976,50.00%,>,"$44,000 ",50.00%,>,"$22,000 ",50.00%,>,"$22,000 ",41.00%,>,"$26,000 "
1976,53.00%,>,"$52,000 ",53.00%,>,"$26,000 ",53.00%,>,"$26,000 ",42.00%,>,"$28,000 "
1976,55.00%,>,"$64,000 ",55.00%,>,"$32,000 ",55.00%,>,"$32,000 ",45.00%,>,"$32,000 "
1976,58.00%,>,"$76,000 ",58.00%,>,"$38,000 ",58.00%,>,"$38,000 ",48.00%,>,"$36,000 "
1976,60.00%,>,"$88,000 ",60.00%,>,"$44,000 ",60.00%,>,"$44,000 ",51.00%,>,"$38,000 "
1976,62.00%,>,"$100,000 ",62.00%,>,"$50,000 ",62.00%,>,"$50,000 ",52.00%,>,"$40,000 "
1976,64.00%,>,"$120,000 ",64.00%,>,"$60,000 ",64.00%,>,"$60,000 ",55.00%,>,"$44,000 "
1976,66.00%,>,"$140,000 ",66.00%,>,"$70,000 ",66.00%,>,"$70,000 ",56.00%,>,"$50,000 "
1976,68.00%,>,"$160,000 ",68.00%,>,"$80,000 ",68.00%,>,"$80,000 ",58.00%,>,"$52,000 "
1976,69.00%,>,"$180,000 ",69.00%,>,"$90,000 ",69.00%,>,"$90,000 ",59.00%,>,"$64,000 "
1976,70.00%,>,"$200,000 ",70.00%,>,"$100,000 ",70.00%,>,"$100,000 ",61.00%,>,"$70,000 "
1976,,,,,,,,,,62.00%,>,"$76,000 "
1976,,,,,,,,,,63.00%,>,"$80,000 "
1976,,,,,,,,,,64.00%,>,"$88,000 "
1976,,,,,,,,,,66.00%,>,"$100,000 "
1976,,,,,,,,,,67.00%,>,"$120,000 "
1976,,,,,,,,,,68.00%,>,"$140,000 "
1976,,,,,,,,,,69.00%,>,"$160,000 "
1976,,,,,,,,,,70.00%,>,"$180,000 "
,,,,,,,,,,,,
1975,14.00%,>,$0 ,14.00%,>,$0 ,14.00%,>,$0 ,14.00%,>,$0 
1975,15.00%,>,"$1,000 ",15.00%,>,$500 ,15.00%,>,$500 ,16.00%,>,"$1,000 "
1975,16.00%,>,"$2,000 ",16.00%,>,"$1,000 ",16.00%,>,"$1,000 ",18.00%,>,"$2,000 "
1975,17.00%,>,"$3,000 ",17.00%,>,"$1,500 ",17.00%,>,"$1,500 ",19.00%,>,"$4,000 "
1975,19.00%,>,"$4,000 ",19.00%,>,"$2,000 ",19.00%,>,"$2,000 ",22.00%,>,"$6,000 "
1975,22.00%,>,"$8,000 ",22.00%,>,"$4,000 ",22.00%,>,"$4,000 ",23.00%,>,"$8,000 "
1975,25.00%,>,"$12,000 ",25.00%,>,"$6,000 ",25.00%,>,"$6,000 ",25.00%,>,"$10,000 "
1975,28.00%,>,"$16,000 ",28.00%,>,"$8,000 ",28.00%,>,"$8,000 ",27.00%,>,"$12,000 "
1975,32.00%,>,"$20,000 ",32.00%,>,"$10,000 ",32.00%,>,"$10,000 ",28.00%,>,"$14,000 "
1975,36.00%,>,"$24,000 ",36.00%,>,"$12,000 ",36.00%,>,"$12,000 ",31.00%,>,"$16,000 "
1975,39.00%,>,"$28,000 ",39.00%,>,"$14,000 ",39.00%,>,"$14,000 ",32.00%,>,"$18,000 "
1975,42.00%,>,"$32,000 ",42.00%,>,"$16,000 ",42.00%,>,"$16,000 ",35.00%,>,"$20,000 "
1975,45.00%,>,"$36,000 ",45.00%,>,"$18,000 ",45.00%,>,"$18,000 ",36.00%,>,"$22,000 "
1975,48.00%,>,"$40,000 ",48.00%,>,"$20,000 ",48.00%,>,"$20,000 ",38.00%,>,"$24,000 "
1975,50.00%,>,"$44,000 ",50.00%,>,"$22,000 ",50.00%,>,"$22,000 ",41.00%,>,"$26,000 "
1975,53.00%,>,"$52,000 ",53.00%,>,"$26,000 ",53.00%,>,"$26,000 ",42.00%,>,"$28,000 "
1975,55.00%,>,"$64,000 ",55.00%,>,"$32,000 ",55.00%,>,"$32,000 ",45.00%,>,"$32,000 "
1975,58.00%,>,"$76,000 ",58.00%,>,"$38,000 ",58.00%,>,"$38,000 ",48.00%,>,"$36,000 "
1975,60.00%,>,"$88,000 ",60.00%,>,"$44,000 ",60.00%,>,"$44,000 ",51.00%,>,"$38,000 "
1975,62.00%,>,"$100,000 ",62.00%,>,"$50,000 ",62.00%,>,"$50,000 ",52.00%,>,"$40,000 "
1975,64.00%,>,"$120,000 ",64.00%,>,"$60,000 ",64.00%,>,"$60,000 ",55.00%,>,"$44,000 "
1975,66.00%,>,"$140,000 ",66.00%,>,"$70,000 ",66.00%,>,"$70,000 ",56.00%,>,"$50,000 "
1975,68.00%,>,"$160,000 ",68.00%,>,"$80,000 ",68.00%,>,"$80,000 ",58.00%,>,"$52,000 "
1975,69.00%,>,"$180,000 ",69.00%,>,"$90,000 ",69.00%,>,"$90,000 ",59.00%,>,"$64,000 "
1975,70.00%,>,"$200,000 ",70.00%,>,"$100,000 ",70.00%,>,"$100,000 ",61.00%,>,"$70,000 "
1975,,,,,,,,,,62.00%,>,"$76,000 "
1975,,,,,,,,,,63.00%,>,"$80,000 "
1975,,,,,,,,,,64.00%,>,"$88,000 "
1975,,,,,,,,,,66.00%,>,"$100,000 "
1975,,,,,,,,,,67.00%,>,"$120,000 "
1975,,,,,,,,,,68.00%,>,"$140,000 "
1975,,,,,,,,,,69.00%,>,"$160,000 "
1975,,,,,,,,,,70.00%,>,"$180,000 "
,,,,,,,,,,,,
1974,14.00%,>,$0 ,14.00%,>,$0 ,14.00%,>,$0 ,14.00%,>,$0 
1974,15.00%,>,"$1,000 ",15.00%,>,$500 ,15.00%,>,$500 ,16.00%,>,"$1,000 "
1974,16.00%,>,"$2,000 ",16.00%,>,"$1,000 ",16.00%,>,"$1,000 ",18.00%,>,"$2,000 "
1974,17.00%,>,"$3,000 ",17.00%,>,"$1,500 ",17.00%,>,"$1,500 ",19.00%,>,"$4,000 "
1974,19.00%,>,"$4,000 ",19.00%,>,"$2,000 ",19.00%,>,"$2,000 ",22.00%,>,"$6,000 "
1974,22.00%,>,"$8,000 ",22.00%,>,"$4,000 ",22.00%,>,"$4,000 ",23.00%,>,"$8,000 "
1974,25.00%,>,"$12,000 ",25.00%,>,"$6,000 ",25.00%,>,"$6,000 ",25.00%,>,"$10,000 "
1974,28.00%,>,"$16,000 ",28.00%,>,"$8,000 ",28.00%,>,"$8,000 ",27.00%,>,"$12,000 "
1974,32.00%,>,"$20,000 ",32.00%,>,"$10,000 ",32.00%,>,"$10,000 ",28.00%,>,"$14,000 "
1974,36.00%,>,"$24,000 ",36.00%,>,"$12,000 ",36.00%,>,"$12,000 ",31.00%,>,"$16,000 "
1974,39.00%,>,"$28,000 ",39.00%,>,"$14,000 ",39.00%,>,"$14,000 ",32.00%,>,"$18,000 "
1974,42.00%,>,"$32,000 ",42.00%,>,"$16,000 ",42.00%,>,"$16,000 ",35.00%,>,"$20,000 "
1974,45.00%,>,"$36,000 ",45.00%,>,"$18,000 ",45.00%,>,"$18,000 ",36.00%,>,"$22,000 "
1974,48.00%,>,"$40,000 ",48.00%,>,"$20,000 ",48.00%,>,"$20,000 ",38.00%,>,"$24,000 "
1974,50.00%,>,"$44,000 ",50.00%,>,"$22,000 ",50.00%,>,"$22,000 ",41.00%,>,"$26,000 "
1974,53.00%,>,"$52,000 ",53.00%,>,"$26,000 ",53.00%,>,"$26,000 ",42.00%,>,"$28,000 "
1974,55.00%,>,"$64,000 ",55.00%,>,"$32,000 ",55.00%,>,"$32,000 ",45.00%,>,"$32,000 "
1974,58.00%,>,"$76,000 ",58.00%,>,"$38,000 ",58.00%,>,"$38,000 ",48.00%,>,"$36,000 "
1974,60.00%,>,"$88,000 ",60.00%,>,"$44,000 ",60.00%,>,"$44,000 ",51.00%,>,"$38,000 "
1974,62.00%,>,"$100,000 ",62.00%,>,"$50,000 ",62.00%,>,"$50,000 ",52.00%,>,"$40,000 "
1974,64.00%,>,"$120,000 ",64.00%,>,"$60,000 ",64.00%,>,"$60,000 ",55.00%,>,"$44,000 "
1974,66.00%,>,"$140,000 ",66.00%,>,"$70,000 ",66.00%,>,"$70,000 ",56.00%,>,"$50,000 "
1974,68.00%,>,"$160,000 ",68.00%,>,"$80,000 ",68.00%,>,"$80,000 ",58.00%,>,"$52,000 "
1974,69.00%,>,"$180,000 ",69.00%,>,"$90,000 ",69.00%,>,"$90,000 ",59.00%,>,"$64,000 "
1974,70.00%,>,"$200,000 ",70.00%,>,"$100,000 ",70.00%,>,"$100,000 ",61.00%,>,"$70,000 "
1974,,,,,,,,,,62.00%,>,"$76,000 "
1974,,,,,,,,,,63.00%,>,"$80,000 "
1974,,,,,,,,,,64.00%,>,"$88,000 "
1974,,,,,,,,,,66.00%,>,"$100,000 "
1974,,,,,,,,,,67.00%,>,"$120,000 "
1974,,,,,,,,,,68.00%,>,"$140,000 "
1974,,,,,,,,,,69.00%,>,"$160,000 "
1974,,,,,,,,,,70.00%,>,"$180,000 "
,,,,,,,,,,,,
1973,14.00%,>,$0 ,14.00%,>,$0 ,14.00%,>,$0 ,14.00%,>,$0 
1973,15.00%,>,"$1,000 ",15.00%,>,$500 ,15.00%,>,$500 ,16.00%,>,"$1,000 "
1973,16.00%,>,"$2,000 ",16.00%,>,"$1,000 ",16.00%,>,"$1,000 ",18.00%,>,"$2,000 "
1973,17.00%,>,"$3,000 ",17.00%,>,"$1,500 ",17.00%,>,"$1,500 ",19.00%,>,"$4,000 "
1973,19.00%,>,"$4,000 ",19.00%,>,"$2,000 ",19.00%,>,"$2,000 ",22.00%,>,"$6,000 "
1973,22.00%,>,"$8,000 ",22.00%,>,"$4,000 ",22.00%,>,"$4,000 ",23.00%,>,"$8,000 "
1973,25.00%,>,"$12,000 ",25.00%,>,"$6,000 ",25.00%,>,"$6,000 ",25.00%,>,"$10,000 "
1973,28.00%,>,"$16,000 ",28.00%,>,"$8,000 ",28.00%,>,"$8,000 ",27.00%,>,"$12,000 "
1973,32.00%,>,"$20,000 ",32.00%,>,"$10,000 ",32.00%,>,"$10,000 ",28.00%,>,"$14,000 "
1973,36.00%,>,"$24,000 ",36.00%,>,"$12,000 ",36.00%,>,"$12,000 ",31.00%,>,"$16,000 "
1973,39.00%,>,"$28,000 ",39.00%,>,"$14,000 ",39.00%,>,"$14,000 ",32.00%,>,"$18,000 "
1973,42.00%,>,"$32,000 ",42.00%,>,"$16,000 ",42.00%,>,"$16,000 ",35.00%,>,"$20,000 "
1973,45.00%,>,"$36,000 ",45.00%,>,"$18,000 ",45.00%,>,"$18,000 ",36.00%,>,"$22,000 "
1973,48.00%,>,"$40,000 ",48.00%,>,"$20,000 ",48.00%,>,"$20,000 ",38.00%,>,"$24,000 "
1973,50.00%,>,"$44,000 ",50.00%,>,"$22,000 ",50.00%,>,"$22,000 ",41.00%,>,"$26,000 "
1973,53.00%,>,"$52,000 ",53.00%,>,"$26,000 ",53.00%,>,"$26,000 ",42.00%,>,"$28,000 "
1973,55.00%,>,"$64,000 ",55.00%,>,"$32,000 ",55.00%,>,"$32,000 ",45.00%,>,"$32,000 "
1973,58.00%,>,"$76,000 ",58.00%,>,"$38,000 ",58.00%,>,"$38,000 ",48.00%,>,"$36,000 "
1973,60.00%,>,"$88,000 ",60.00%,>,"$44,000 ",60.00%,>,"$44,000 ",51.00%,>,"$38,000 "
1973,62.00%,>,"$100,000 ",62.00%,>,"$50,000 ",62.00%,>,"$50,000 ",52.00%,>,"$40,000 "
1973,64.00%,>,"$120,000 ",64.00%,>,"$60,000 ",64.00%,>,"$60,000 ",55.00%,>,"$44,000 "
1973,66.00%,>,"$140,000 ",66.00%,>,"$70,000 ",66.00%,>,"$70,000 ",56.00%,>,"$50,000 "
1973,68.00%,>,"$160,000 ",68.00%,>,"$80,000 ",68.00%,>,"$80,000 ",58.00%,>,"$52,000 "
1973,69.00%,>,"$180,000 ",69.00%,>,"$90,000 ",69.00%,>,"$90,000 ",59.00%,>,"$64,000 "
1973,70.00%,>,"$200,000 ",70.00%,>,"$100,000 ",70.00%,>,"$100,000 ",61.00%,>,"$70,000 "
1973,,,,,,,,,,62.00%,>,"$76,000 "
1973,,,,,,,,,,63.00%,>,"$80,000 "
1973,,,,,,,,,,64.00%,>,"$88,000 "
1973,,,,,,,,,,66.00%,>,"$100,000 "
1973,,,,,,,,,,67.00%,>,"$120,000 "
1973,,,,,,,,,,68.00%,>,"$140,000 "
1973,,,,,,,,,,69.00%,>,"$160,000 "
1973,,,,,,,,,,70.00%,>,"$180,000 "
,,,,,,,,,,,,
1972,14.00%,>,$0 ,14.00%,>,$0 ,14.00%,>,$0 ,14.00%,>,$0 
1972,15.00%,>,"$1,000 ",15.00%,>,$500 ,15.00%,>,$500 ,16.00%,>,"$1,000 "
1972,16.00%,>,"$2,000 ",16.00%,>,"$1,000 ",16.00%,>,"$1,000 ",18.00%,>,"$2,000 "
1972,17.00%,>,"$3,000 ",17.00%,>,"$1,500 ",17.00%,>,"$1,500 ",19.00%,>,"$4,000 "
1972,19.00%,>,"$4,000 ",19.00%,>,"$2,000 ",19.00%,>,"$2,000 ",22.00%,>,"$6,000 "
1972,22.00%,>,"$8,000 ",22.00%,>,"$4,000 ",22.00%,>,"$4,000 ",23.00%,>,"$8,000 "
1972,25.00%,>,"$12,000 ",25.00%,>,"$6,000 ",25.00%,>,"$6,000 ",25.00%,>,"$10,000 "
1972,28.00%,>,"$16,000 ",28.00%,>,"$8,000 ",28.00%,>,"$8,000 ",27.00%,>,"$12,000 "
1972,32.00%,>,"$20,000 ",32.00%,>,"$10,000 ",32.00%,>,"$10,000 ",28.00%,>,"$14,000 "
1972,36.00%,>,"$24,000 ",36.00%,>,"$12,000 ",36.00%,>,"$12,000 ",31.00%,>,"$16,000 "
1972,39.00%,>,"$28,000 ",39.00%,>,"$14,000 ",39.00%,>,"$14,000 ",32.00%,>,"$18,000 "
1972,42.00%,>,"$32,000 ",42.00%,>,"$16,000 ",42.00%,>,"$16,000 ",35.00%,>,"$20,000 "
1972,45.00%,>,"$36,000 ",45.00%,>,"$18,000 ",45.00%,>,"$18,000 ",36.00%,>,"$22,000 "
1972,48.00%,>,"$40,000 ",48.00%,>,"$20,000 ",48.00%,>,"$20,000 ",38.00%,>,"$24,000 "
1972,50.00%,>,"$44,000 ",50.00%,>,"$22,000 ",50.00%,>,"$22,000 ",41.00%,>,"$26,000 "
1972,53.00%,>,"$52,000 ",53.00%,>,"$26,000 ",53.00%,>,"$26,000 ",42.00%,>,"$28,000 "
1972,55.00%,>,"$64,000 ",55.00%,>,"$32,000 ",55.00%,>,"$32,000 ",45.00%,>,"$32,000 "
1972,58.00%,>,"$76,000 ",58.00%,>,"$38,000 ",58.00%,>,"$38,000 ",48.00%,>,"$36,000 "
1972,60.00%,>,"$88,000 ",60.00%,>,"$44,000 ",60.00%,>,"$44,000 ",51.00%,>,"$38,000 "
1972,62.00%,>,"$100,000 ",62.00%,>,"$50,000 ",62.00%,>,"$50,000 ",52.00%,>,"$40,000 "
1972,64.00%,>,"$120,000 ",64.00%,>,"$60,000 ",64.00%,>,"$60,000 ",55.00%,>,"$44,000 "
1972,66.00%,>,"$140,000 ",66.00%,>,"$70,000 ",66.00%,>,"$70,000 ",56.00%,>,"$50,000 "
1972,68.00%,>,"$160,000 ",68.00%,>,"$80,000 ",68.00%,>,"$80,000 ",58.00%,>,"$52,000 "
1972,69.00%,>,"$180,000 ",69.00%,>,"$90,000 ",69.00%,>,"$90,000 ",59.00%,>,"$64,000 "
1972,70.00%,>,"$200,000 ",70.00%,>,"$100,000 ",70.00%,>,"$100,000 ",61.00%,>,"$70,000 "
1972,,,,,,,,,,62.00%,>,"$76,000 "
1972,,,,,,,,,,63.00%,>,"$80,000 "
1972,,,,,,,,,,64.00%,>,"$88,000 "
1972,,,,,,,,,,66.00%,>,"$100,000 "
1972,,,,,,,,,,67.00%,>,"$120,000 "
1972,,,,,,,,,,68.00%,>,"$140,000 "
1972,,,,,,,,,,69.00%,>,"$160,000 "
1972,,,,,,,,,,70.00%,>,"$180,000 "
,,,,,,,,,,,,
1971,14.00%,>,$0 ,14.00%,>,$0 ,14.00%,>,$0 ,14.00%,>,$0 
1971,15.00%,>,"$1,000 ",15.00%,>,$500 ,15.00%,>,$500 ,16.00%,>,"$1,000 "
1971,16.00%,>,"$2,000 ",16.00%,>,"$1,000 ",16.00%,>,"$1,000 ",18.00%,>,"$2,000 "
1971,17.00%,>,"$3,000 ",17.00%,>,"$1,500 ",17.00%,>,"$1,500 ",19.00%,>,"$4,000 "
1971,19.00%,>,"$4,000 ",19.00%,>,"$2,000 ",19.00%,>,"$2,000 ",22.00%,>,"$6,000 "
1971,22.00%,>,"$8,000 ",22.00%,>,"$4,000 ",22.00%,>,"$4,000 ",23.00%,>,"$8,000 "
1971,25.00%,>,"$12,000 ",25.00%,>,"$6,000 ",25.00%,>,"$6,000 ",25.00%,>,"$10,000 "
1971,28.00%,>,"$16,000 ",28.00%,>,"$8,000 ",28.00%,>,"$8,000 ",27.00%,>,"$12,000 "
1971,32.00%,>,"$20,000 ",32.00%,>,"$10,000 ",32.00%,>,"$10,000 ",28.00%,>,"$14,000 "
1971,36.00%,>,"$24,000 ",36.00%,>,"$12,000 ",36.00%,>,"$12,000 ",31.00%,>,"$16,000 "
1971,39.00%,>,"$28,000 ",39.00%,>,"$14,000 ",39.00%,>,"$14,000 ",32.00%,>,"$18,000 "
1971,42.00%,>,"$32,000 ",42.00%,>,"$16,000 ",42.00%,>,"$16,000 ",35.00%,>,"$20,000 "
1971,45.00%,>,"$36,000 ",45.00%,>,"$18,000 ",45.00%,>,"$18,000 ",36.00%,>,"$22,000 "
1971,48.00%,>,"$40,000 ",48.00%,>,"$20,000 ",48.00%,>,"$20,000 ",38.00%,>,"$24,000 "
1971,50.00%,>,"$44,000 ",50.00%,>,"$22,000 ",50.00%,>,"$22,000 ",41.00%,>,"$26,000 "
1971,53.00%,>,"$52,000 ",53.00%,>,"$26,000 ",53.00%,>,"$26,000 ",42.00%,>,"$28,000 "
1971,55.00%,>,"$64,000 ",55.00%,>,"$32,000 ",55.00%,>,"$32,000 ",45.00%,>,"$32,000 "
1971,58.00%,>,"$76,000 ",58.00%,>,"$38,000 ",58.00%,>,"$38,000 ",48.00%,>,"$36,000 "
1971,60.00%,>,"$88,000 ",60.00%,>,"$44,000 ",60.00%,>,"$44,000 ",51.00%,>,"$38,000 "
1971,62.00%,>,"$100,000 ",62.00%,>,"$50,000 ",62.00%,>,"$50,000 ",52.00%,>,"$40,000 "
1971,64.00%,>,"$120,000 ",64.00%,>,"$60,000 ",64.00%,>,"$60,000 ",55.00%,>,"$44,000 "
1971,66.00%,>,"$140,000 ",66.00%,>,"$70,000 ",66.00%,>,"$70,000 ",56.00%,>,"$50,000 "
1971,68.00%,>,"$160,000 ",68.00%,>,"$80,000 ",68.00%,>,"$80,000 ",58.00%,>,"$52,000 "
1971,69.00%,>,"$180,000 ",69.00%,>,"$90,000 ",69.00%,>,"$90,000 ",59.00%,>,"$64,000 "
1971,70.00%,>,"$200,000 ",70.00%,>,"$100,000 ",70.00%,>,"$100,000 ",61.00%,>,"$70,000 "
1971,,,,,,,,,,62.00%,>,"$76,000 "
1971,,,,,,,,,,63.00%,>,"$80,000 "
1971,,,,,,,,,,64.00%,>,"$88,000 "
1971,,,,,,,,,,66.00%,>,"$100,000 "
1971,,,,,,,,,,67.00%,>,"$120,000 "
1971,,,,,,,,,,68.00%,>,"$140,000 "
1971,,,,,,,,,,69.00%,>,"$160,000 "
1971,,,,,,,,,,70.00%,>,"$180,000 "
,,,,,,,,,,,,
1970,14.00%,>,$0 ,14.00%,>,$0 ,14.00%,>,$0 ,14.00%,>,$0 
1970,15.00%,>,"$1,000 ",15.00%,>,$500 ,15.00%,>,$500 ,16.00%,>,"$1,000 "
1970,16.00%,>,"$2,000 ",16.00%,>,"$1,000 ",16.00%,>,"$1,000 ",18.00%,>,"$2,000 "
1970,17.00%,>,"$3,000 ",17.00%,>,"$1,500 ",17.00%,>,"$1,500 ",20.00%,>,"$4,000 "
1970,19.00%,>,"$4,000 ",19.00%,>,"$2,000 ",19.00%,>,"$2,000 ",22.00%,>,"$6,000 "
1970,22.00%,>,"$8,000 ",22.00%,>,"$4,000 ",22.00%,>,"$4,000 ",25.00%,>,"$8,000 "
1970,25.00%,>,"$12,000 ",25.00%,>,"$6,000 ",25.00%,>,"$6,000 ",27.00%,>,"$10,000 "
1970,28.00%,>,"$16,000 ",28.00%,>,"$8,000 ",28.00%,>,"$8,000 ",31.00%,>,"$12,000 "
1970,32.00%,>,"$20,000 ",32.00%,>,"$10,000 ",32.00%,>,"$10,000 ",32.00%,>,"$14,000 "
1970,36.00%,>,"$24,000 ",36.00%,>,"$12,000 ",36.00%,>,"$12,000 ",35.00%,>,"$16,000 "
1970,39.00%,>,"$28,000 ",39.00%,>,"$14,000 ",39.00%,>,"$14,000 ",36.00%,>,"$18,000 "
1970,42.00%,>,"$32,000 ",42.00%,>,"$16,000 ",42.00%,>,"$16,000 ",40.00%,>,"$20,000 "
1970,45.00%,>,"$36,000 ",45.00%,>,"$18,000 ",45.00%,>,"$18,000 ",41.00%,>,"$22,000 "
1970,48.00%,>,"$40,000 ",48.00%,>,"$20,000 ",48.00%,>,"$20,000 ",43.00%,>,"$24,000 "
1970,50.00%,>,"$44,000 ",50.00%,>,"$22,000 ",50.00%,>,"$22,000 ",45.00%,>,"$26,000 "
1970,53.00%,>,"$52,000 ",53.00%,>,"$26,000 ",53.00%,>,"$26,000 ",46.00%,>,"$28,000 "
1970,55.00%,>,"$64,000 ",55.00%,>,"$32,000 ",55.00%,>,"$32,000 ",48.00%,>,"$32,000 "
1970,58.00%,>,"$76,000 ",58.00%,>,"$38,000 ",58.00%,>,"$38,000 ",50.00%,>,"$36,000 "
1970,60.00%,>,"$88,000 ",60.00%,>,"$44,000 ",60.00%,>,"$44,000 ",52.00%,>,"$38,000 "
1970,62.00%,>,"$100,000 ",62.00%,>,"$50,000 ",62.00%,>,"$50,000 ",53.00%,>,"$40,000 "
1970,64.00%,>,"$120,000 ",64.00%,>,"$60,000 ",64.00%,>,"$60,000 ",55.00%,>,"$44,000 "
1970,66.00%,>,"$140,000 ",66.00%,>,"$70,000 ",66.00%,>,"$70,000 ",56.00%,>,"$50,000 "
1970,68.00%,>,"$160,000 ",68.00%,>,"$80,000 ",68.00%,>,"$80,000 ",58.00%,>,"$52,000 "
1970,69.00%,>,"$180,000 ",69.00%,>,"$90,000 ",69.00%,>,"$90,000 ",59.00%,>,"$64,000 "
1970,70.00%,>,"$200,000 ",70.00%,>,"$100,000 ",70.00%,>,"$100,000 ",61.00%,>,"$70,000 "
1970,,,,,,,,,,62.00%,>,"$76,000 "
1970,,,,,,,,,,63.00%,>,"$80,000 "
1970,,,,,,,,,,64.00%,>,"$88,000 "
1970,,,,,,,,,,66.00%,>,"$100,000 "
1970,,,,,,,,,,67.00%,>,"$120,000 "
1970,,,,,,,,,,68.00%,>,"$140,000 "
1970,,,,,,,,,,69.00%,>,"$160,000 "
1970,,,,,,,,,,70.00%,>,"$180,000 "
,,,,,,,,,,,,
1969,14.00%,>,$0 ,14.00%,>,$0 ,14.00%,>,$0 ,14.00%,>,$0 
1969,15.00%,>,"$1,000 ",15.00%,>,$500 ,15.00%,>,$500 ,16.00%,>,"$1,000 "
1969,16.00%,>,"$2,000 ",16.00%,>,"$1,000 ",16.00%,>,"$1,000 ",18.00%,>,"$2,000 "
1969,17.00%,>,"$3,000 ",17.00%,>,"$1,500 ",17.00%,>,"$1,500 ",20.00%,>,"$4,000 "
1969,19.00%,>,"$4,000 ",19.00%,>,"$2,000 ",19.00%,>,"$2,000 ",22.00%,>,"$6,000 "
1969,22.00%,>,"$8,000 ",22.00%,>,"$4,000 ",22.00%,>,"$4,000 ",25.00%,>,"$8,000 "
1969,25.00%,>,"$12,000 ",25.00%,>,"$6,000 ",25.00%,>,"$6,000 ",27.00%,>,"$10,000 "
1969,28.00%,>,"$16,000 ",28.00%,>,"$8,000 ",28.00%,>,"$8,000 ",31.00%,>,"$12,000 "
1969,32.00%,>,"$20,000 ",32.00%,>,"$10,000 ",32.00%,>,"$10,000 ",32.00%,>,"$14,000 "
1969,36.00%,>,"$24,000 ",36.00%,>,"$12,000 ",36.00%,>,"$12,000 ",35.00%,>,"$16,000 "
1969,39.00%,>,"$28,000 ",39.00%,>,"$14,000 ",39.00%,>,"$14,000 ",36.00%,>,"$18,000 "
1969,42.00%,>,"$32,000 ",42.00%,>,"$16,000 ",42.00%,>,"$16,000 ",40.00%,>,"$20,000 "
1969,45.00%,>,"$36,000 ",45.00%,>,"$18,000 ",45.00%,>,"$18,000 ",41.00%,>,"$22,000 "
1969,48.00%,>,"$40,000 ",48.00%,>,"$20,000 ",48.00%,>,"$20,000 ",43.00%,>,"$24,000 "
1969,50.00%,>,"$44,000 ",50.00%,>,"$22,000 ",50.00%,>,"$22,000 ",45.00%,>,"$26,000 "
1969,53.00%,>,"$52,000 ",53.00%,>,"$26,000 ",53.00%,>,"$26,000 ",46.00%,>,"$28,000 "
1969,55.00%,>,"$64,000 ",55.00%,>,"$32,000 ",55.00%,>,"$32,000 ",48.00%,>,"$32,000 "
1969,58.00%,>,"$76,000 ",58.00%,>,"$38,000 ",58.00%,>,"$38,000 ",50.00%,>,"$36,000 "
1969,60.00%,>,"$88,000 ",60.00%,>,"$44,000 ",60.00%,>,"$44,000 ",52.00%,>,"$38,000 "
1969,62.00%,>,"$100,000 ",62.00%,>,"$50,000 ",62.00%,>,"$50,000 ",53.00%,>,"$40,000 "
1969,64.00%,>,"$120,000 ",64.00%,>,"$60,000 ",64.00%,>,"$60,000 ",55.00%,>,"$44,000 "
1969,66.00%,>,"$140,000 ",66.00%,>,"$70,000 ",66.00%,>,"$70,000 ",56.00%,>,"$50,000 "
1969,68.00%,>,"$160,000 ",68.00%,>,"$80,000 ",68.00%,>,"$80,000 ",58.00%,>,"$52,000 "
1969,69.00%,>,"$180,000 ",69.00%,>,"$90,000 ",69.00%,>,"$90,000 ",59.00%,>,"$64,000 "
1969,70.00%,>,"$200,000 ",70.00%,>,"$100,000 ",70.00%,>,"$100,000 ",61.00%,>,"$70,000 "
1969,,,,,,,,,,62.00%,>,"$76,000 "
1969,,,,,,,,,,63.00%,>,"$80,000 "
1969,,,,,,,,,,64.00%,>,"$88,000 "
1969,,,,,,,,,,66.00%,>,"$100,000 "
1969,,,,,,,,,,67.00%,>,"$120,000 "
1969,,,,,,,,,,68.00%,>,"$140,000 "
1969,,,,,,,,,,69.00%,>,"$160,000 "
1969,,,,,,,,,,70.00%,>,"$180,000 "
,,,,,,,,,,,,
1968,14.00%,>,$0 ,14.00%,>,$0 ,14.00%,>,$0 ,14.00%,>,$0 
1968,15.00%,>,"$1,000 ",15.00%,>,$500 ,15.00%,>,$500 ,16.00%,>,"$1,000 "
1968,16.00%,>,"$2,000 ",16.00%,>,"$1,000 ",16.00%,>,"$1,000 ",18.00%,>,"$2,000 "
1968,17.00%,>,"$3,000 ",17.00%,>,"$1,500 ",17.00%,>,"$1,500 ",20.00%,>,"$4,000 "
1968,19.00%,>,"$4,000 ",19.00%,>,"$2,000 ",19.00%,>,"$2,000 ",22.00%,>,"$6,000 "
1968,22.00%,>,"$8,000 ",22.00%,>,"$4,000 ",22.00%,>,"$4,000 ",25.00%,>,"$8,000 "
1968,25.00%,>,"$12,000 ",25.00%,>,"$6,000 ",25.00%,>,"$6,000 ",27.00%,>,"$10,000 "
1968,28.00%,>,"$16,000 ",28.00%,>,"$8,000 ",28.00%,>,"$8,000 ",31.00%,>,"$12,000 "
1968,32.00%,>,"$20,000 ",32.00%,>,"$10,000 ",32.00%,>,"$10,000 ",32.00%,>,"$14,000 "
1968,36.00%,>,"$24,000 ",36.00%,>,"$12,000 ",36.00%,>,"$12,000 ",35.00%,>,"$16,000 "
1968,39.00%,>,"$28,000 ",39.00%,>,"$14,000 ",39.00%,>,"$14,000 ",36.00%,>,"$18,000 "
1968,42.00%,>,"$32,000 ",42.00%,>,"$16,000 ",42.00%,>,"$16,000 ",40.00%,>,"$20,000 "
1968,45.00%,>,"$36,000 ",45.00%,>,"$18,000 ",45.00%,>,"$18,000 ",41.00%,>,"$22,000 "
1968,48.00%,>,"$40,000 ",48.00%,>,"$20,000 ",48.00%,>,"$20,000 ",43.00%,>,"$24,000 "
1968,50.00%,>,"$44,000 ",50.00%,>,"$22,000 ",50.00%,>,"$22,000 ",45.00%,>,"$26,000 "
1968,53.00%,>,"$52,000 ",53.00%,>,"$26,000 ",53.00%,>,"$26,000 ",46.00%,>,"$28,000 "
1968,55.00%,>,"$64,000 ",55.00%,>,"$32,000 ",55.00%,>,"$32,000 ",48.00%,>,"$32,000 "
1968,58.00%,>,"$76,000 ",58.00%,>,"$38,000 ",58.00%,>,"$38,000 ",50.00%,>,"$36,000 "
1968,60.00%,>,"$88,000 ",60.00%,>,"$44,000 ",60.00%,>,"$44,000 ",52.00%,>,"$38,000 "
1968,62.00%,>,"$100,000 ",62.00%,>,"$50,000 ",62.00%,>,"$50,000 ",53.00%,>,"$40,000 "
1968,64.00%,>,"$120,000 ",64.00%,>,"$60,000 ",64.00%,>,"$60,000 ",55.00%,>,"$44,000 "
1968,66.00%,>,"$140,000 ",66.00%,>,"$70,000 ",66.00%,>,"$70,000 ",56.00%,>,"$50,000 "
1968,68.00%,>,"$160,000 ",68.00%,>,"$80,000 ",68.00%,>,"$80,000 ",58.00%,>,"$52,000 "
1968,69.00%,>,"$180,000 ",69.00%,>,"$90,000 ",69.00%,>,"$90,000 ",59.00%,>,"$64,000 "
1968,70.00%,>,"$200,000 ",70.00%,>,"$100,000 ",70.00%,>,"$100,000 ",61.00%,>,"$70,000 "
1968,,,,,,,,,,62.00%,>,"$76,000 "
1968,,,,,,,,,,63.00%,>,"$80,000 "
1968,,,,,,,,,,64.00%,>,"$88,000 "
1968,,,,,,,,,,66.00%,>,"$100,000 "
1968,,,,,,,,,,67.00%,>,"$120,000 "
1968,,,,,,,,,,68.00%,>,"$140,000 "
1968,,,,,,,,,,69.00%,>,"$160,000 "
1968,,,,,,,,,,70.00%,>,"$180,000 "
,,,,,,,,,,,,
1967,14.00%,>,$0 ,14.00%,>,$0 ,14.00%,>,$0 ,14.00%,>,$0 
1967,15.00%,>,"$1,000 ",15.00%,>,$500 ,15.00%,>,$500 ,16.00%,>,"$1,000 "
1967,16.00%,>,"$2,000 ",16.00%,>,"$1,000 ",16.00%,>,"$1,000 ",18.00%,>,"$2,000 "
1967,17.00%,>,"$3,000 ",17.00%,>,"$1,500 ",17.00%,>,"$1,500 ",20.00%,>,"$4,000 "
1967,19.00%,>,"$4,000 ",19.00%,>,"$2,000 ",19.00%,>,"$2,000 ",22.00%,>,"$6,000 "
1967,22.00%,>,"$8,000 ",22.00%,>,"$4,000 ",22.00%,>,"$4,000 ",25.00%,>,"$8,000 "
1967,25.00%,>,"$12,000 ",25.00%,>,"$6,000 ",25.00%,>,"$6,000 ",27.00%,>,"$10,000 "
1967,28.00%,>,"$16,000 ",28.00%,>,"$8,000 ",28.00%,>,"$8,000 ",31.00%,>,"$12,000 "
1967,32.00%,>,"$20,000 ",32.00%,>,"$10,000 ",32.00%,>,"$10,000 ",32.00%,>,"$14,000 "
1967,36.00%,>,"$24,000 ",36.00%,>,"$12,000 ",36.00%,>,"$12,000 ",35.00%,>,"$16,000 "
1967,39.00%,>,"$28,000 ",39.00%,>,"$14,000 ",39.00%,>,"$14,000 ",36.00%,>,"$18,000 "
1967,42.00%,>,"$32,000 ",42.00%,>,"$16,000 ",42.00%,>,"$16,000 ",40.00%,>,"$20,000 "
1967,45.00%,>,"$36,000 ",45.00%,>,"$18,000 ",45.00%,>,"$18,000 ",41.00%,>,"$22,000 "
1967,48.00%,>,"$40,000 ",48.00%,>,"$20,000 ",48.00%,>,"$20,000 ",43.00%,>,"$24,000 "
1967,50.00%,>,"$44,000 ",50.00%,>,"$22,000 ",50.00%,>,"$22,000 ",45.00%,>,"$26,000 "
1967,53.00%,>,"$52,000 ",53.00%,>,"$26,000 ",53.00%,>,"$26,000 ",46.00%,>,"$28,000 "
1967,55.00%,>,"$64,000 ",55.00%,>,"$32,000 ",55.00%,>,"$32,000 ",48.00%,>,"$32,000 "
1967,58.00%,>,"$76,000 ",58.00%,>,"$38,000 ",58.00%,>,"$38,000 ",50.00%,>,"$36,000 "
1967,60.00%,>,"$88,000 ",60.00%,>,"$44,000 ",60.00%,>,"$44,000 ",52.00%,>,"$38,000 "
1967,62.00%,>,"$100,000 ",62.00%,>,"$50,000 ",62.00%,>,"$50,000 ",53.00%,>,"$40,000 "
1967,64.00%,>,"$120,000 ",64.00%,>,"$60,000 ",64.00%,>,"$60,000 ",55.00%,>,"$44,000 "
1967,66.00%,>,"$140,000 ",66.00%,>,"$70,000 ",66.00%,>,"$70,000 ",56.00%,>,"$50,000 "
1967,68.00%,>,"$160,000 ",68.00%,>,"$80,000 ",68.00%,>,"$80,000 ",58.00%,>,"$52,000 "
1967,69.00%,>,"$180,000 ",69.00%,>,"$90,000 ",69.00%,>,"$90,000 ",59.00%,>,"$64,000 "
1967,70.00%,>,"$200,000 ",70.00%,>,"$100,000 ",70.00%,>,"$100,000 ",61.00%,>,"$70,000 "
1967,,,,,,,,,,62.00%,>,"$76,000 "
1967,,,,,,,,,,63.00%,>,"$80,000 "
1967,,,,,,,,,,64.00%,>,"$88,000 "
1967,,,,,,,,,,66.00%,>,"$100,000 "
1967,,,,,,,,,,67.00%,>,"$120,000 "
1967,,,,,,,,,,68.00%,>,"$140,000 "
1967,,,,,,,,,,69.00%,>,"$160,000 "
1967,,,,,,,,,,70.00%,>,"$180,000 "
,,,,,,,,,,,,
1966,14.00%,>,$0 ,14.00%,>,$0 ,14.00%,>,$0 ,14.00%,>,$0 
1966,15.00%,>,"$1,000 ",15.00%,>,$500 ,15.00%,>,$500 ,16.00%,>,"$1,000 "
1966,16.00%,>,"$2,000 ",16.00%,>,"$1,000 ",16.00%,>,"$1,000 ",18.00%,>,"$2,000 "
1966,17.00%,>,"$3,000 ",17.00%,>,"$1,500 ",17.00%,>,"$1,500 ",20.00%,>,"$4,000 "
1966,19.00%,>,"$4,000 ",19.00%,>,"$2,000 ",19.00%,>,"$2,000 ",22.00%,>,"$6,000 "
1966,22.00%,>,"$8,000 ",22.00%,>,"$4,000 ",22.00%,>,"$4,000 ",25.00%,>,"$8,000 "
1966,25.00%,>,"$12,000 ",25.00%,>,"$6,000 ",25.00%,>,"$6,000 ",27.00%,>,"$10,000 "
1966,28.00%,>,"$16,000 ",28.00%,>,"$8,000 ",28.00%,>,"$8,000 ",31.00%,>,"$12,000 "
1966,32.00%,>,"$20,000 ",32.00%,>,"$10,000 ",32.00%,>,"$10,000 ",32.00%,>,"$14,000 "
1966,36.00%,>,"$24,000 ",36.00%,>,"$12,000 ",36.00%,>,"$12,000 ",35.00%,>,"$16,000 "
1966,39.00%,>,"$28,000 ",39.00%,>,"$14,000 ",39.00%,>,"$14,000 ",36.00%,>,"$18,000 "
1966,42.00%,>,"$32,000 ",42.00%,>,"$16,000 ",42.00%,>,"$16,000 ",40.00%,>,"$20,000 "
1966,45.00%,>,"$36,000 ",45.00%,>,"$18,000 ",45.00%,>,"$18,000 ",41.00%,>,"$22,000 "
1966,48.00%,>,"$40,000 ",48.00%,>,"$20,000 ",48.00%,>,"$20,000 ",43.00%,>,"$24,000 "
1966,50.00%,>,"$44,000 ",50.00%,>,"$22,000 ",50.00%,>,"$22,000 ",45.00%,>,"$26,000 "
1966,53.00%,>,"$52,000 ",53.00%,>,"$26,000 ",53.00%,>,"$26,000 ",46.00%,>,"$28,000 "
1966,55.00%,>,"$64,000 ",55.00%,>,"$32,000 ",55.00%,>,"$32,000 ",48.00%,>,"$32,000 "
1966,58.00%,>,"$76,000 ",58.00%,>,"$38,000 ",58.00%,>,"$38,000 ",50.00%,>,"$36,000 "
1966,60.00%,>,"$88,000 ",60.00%,>,"$44,000 ",60.00%,>,"$44,000 ",52.00%,>,"$38,000 "
1966,62.00%,>,"$100,000 ",62.00%,>,"$50,000 ",62.00%,>,"$50,000 ",53.00%,>,"$40,000 "
1966,64.00%,>,"$120,000 ",64.00%,>,"$60,000 ",64.00%,>,"$60,000 ",55.00%,>,"$44,000 "
1966,66.00%,>,"$140,000 ",66.00%,>,"$70,000 ",66.00%,>,"$70,000 ",56.00%,>,"$50,000 "
1966,68.00%,>,"$160,000 ",68.00%,>,"$80,000 ",68.00%,>,"$80,000 ",58.00%,>,"$52,000 "
1966,69.00%,>,"$180,000 ",69.00%,>,"$90,000 ",69.00%,>,"$90,000 ",59.00%,>,"$64,000 "
1966,70.00%,>,"$200,000 ",70.00%,>,"$100,000 ",70.00%,>,"$100,000 ",61.00%,>,"$70,000 "
1966,,,,,,,,,,62.00%,>,"$76,000 "
1966,,,,,,,,,,63.00%,>,"$80,000 "
1966,,,,,,,,,,64.00%,>,"$88,000 "
1966,,,,,,,,,,66.00%,>,"$100,000 "
1966,,,,,,,,,,67.00%,>,"$120,000 "
1966,,,,,,,,,,68.00%,>,"$140,000 "
1966,,,,,,,,,,69.00%,>,"$160,000 "
1966,,,,,,,,,,70.00%,>,"$180,000 "
,,,,,,,,,,,,
1965,14.00%,>,$0 ,14.00%,>,$0 ,14.00%,>,$0 ,14.00%,>,$0 
1965,15.00%,>,"$1,000 ",15.00%,>,$500 ,15.00%,>,$500 ,16.00%,>,"$1,000 "
1965,16.00%,>,"$2,000 ",16.00%,>,"$1,000 ",16.00%,>,"$1,000 ",18.00%,>,"$2,000 "
1965,17.00%,>,"$3,000 ",17.00%,>,"$1,500 ",17.00%,>,"$1,500 ",20.00%,>,"$4,000 "
1965,19.00%,>,"$4,000 ",19.00%,>,"$2,000 ",19.00%,>,"$2,000 ",22.00%,>,"$6,000 "
1965,22.00%,>,"$8,000 ",22.00%,>,"$4,000 ",22.00%,>,"$4,000 ",25.00%,>,"$8,000 "
1965,25.00%,>,"$12,000 ",25.00%,>,"$6,000 ",25.00%,>,"$6,000 ",27.00%,>,"$10,000 "
1965,28.00%,>,"$16,000 ",28.00%,>,"$8,000 ",28.00%,>,"$8,000 ",31.00%,>,"$12,000 "
1965,32.00%,>,"$20,000 ",32.00%,>,"$10,000 ",32.00%,>,"$10,000 ",32.00%,>,"$14,000 "
1965,36.00%,>,"$24,000 ",36.00%,>,"$12,000 ",36.00%,>,"$12,000 ",35.00%,>,"$16,000 "
1965,39.00%,>,"$28,000 ",39.00%,>,"$14,000 ",39.00%,>,"$14,000 ",36.00%,>,"$18,000 "
1965,42.00%,>,"$32,000 ",42.00%,>,"$16,000 ",42.00%,>,"$16,000 ",40.00%,>,"$20,000 "
1965,45.00%,>,"$36,000 ",45.00%,>,"$18,000 ",45.00%,>,"$18,000 ",41.00%,>,"$22,000 "
1965,48.00%,>,"$40,000 ",48.00%,>,"$20,000 ",48.00%,>,"$20,000 ",43.00%,>,"$24,000 "
1965,50.00%,>,"$44,000 ",50.00%,>,"$22,000 ",50.00%,>,"$22,000 ",45.00%,>,"$26,000 "
1965,53.00%,>,"$52,000 ",53.00%,>,"$26,000 ",53.00%,>,"$26,000 ",46.00%,>,"$28,000 "
1965,55.00%,>,"$64,000 ",55.00%,>,"$32,000 ",55.00%,>,"$32,000 ",48.00%,>,"$32,000 "
1965,58.00%,>,"$76,000 ",58.00%,>,"$38,000 ",58.00%,>,"$38,000 ",50.00%,>,"$36,000 "
1965,60.00%,>,"$88,000 ",60.00%,>,"$44,000 ",60.00%,>,"$44,000 ",52.00%,>,"$38,000 "
1965,62.00%,>,"$100,000 ",62.00%,>,"$50,000 ",62.00%,>,"$50,000 ",53.00%,>,"$40,000 "
1965,64.00%,>,"$120,000 ",64.00%,>,"$60,000 ",64.00%,>,"$60,000 ",55.00%,>,"$44,000 "
1965,66.00%,>,"$140,000 ",66.00%,>,"$70,000 ",66.00%,>,"$70,000 ",56.00%,>,"$50,000 "
1965,68.00%,>,"$160,000 ",68.00%,>,"$80,000 ",68.00%,>,"$80,000 ",58.00%,>,"$52,000 "
1965,69.00%,>,"$180,000 ",69.00%,>,"$90,000 ",69.00%,>,"$90,000 ",59.00%,>,"$64,000 "
1965,70.00%,>,"$200,000 ",70.00%,>,"$100,000 ",70.00%,>,"$100,000 ",61.00%,>,"$70,000 "
1965,,,,,,,,,,62.00%,>,"$76,000 "
1965,,,,,,,,,,63.00%,>,"$80,000 "
1965,,,,,,,,,,64.00%,>,"$88,000 "
1965,,,,,,,,,,66.00%,>,"$100,000 "
1965,,,,,,,,,,67.00%,>,"$120,000 "
1965,,,,,,,,,,68.00%,>,"$140,000 "
1965,,,,,,,,,,69.00%,>,"$160,000 "
1965,,,,,,,,,,70.00%,>,"$180,000 "
,,,,,,,,,,,,
1964,16.00%,>,$0 ,16.00%,>,$0 ,16.00%,>,$0 ,16.00%,>,$0 
1964,16.50%,>,"$1,000 ",16.50%,>,$500 ,16.50%,>,$500 ,17.50%,>,"$1,000 "
1964,17.50%,>,"$2,000 ",17.50%,>,"$1,000 ",17.50%,>,"$1,000 ",19.00%,>,"$2,000 "
1964,18.00%,>,"$3,000 ",18.00%,>,"$1,500 ",18.00%,>,"$1,500 ",22.00%,>,"$4,000 "
1964,20.00%,>,"$4,000 ",20.00%,>,"$2,000 ",20.00%,>,"$2,000 ",23.00%,>,"$6,000 "
1964,23.50%,>,"$8,000 ",23.50%,>,"$4,000 ",23.50%,>,"$4,000 ",27.00%,>,"$8,000 "
1964,27.00%,>,"$12,000 ",27.00%,>,"$6,000 ",27.00%,>,"$6,000 ",29.00%,>,"$10,000 "
1964,30.50%,>,"$16,000 ",30.50%,>,"$8,000 ",30.50%,>,"$8,000 ",32.00%,>,"$12,000 "
1964,34.00%,>,"$20,000 ",34.00%,>,"$10,000 ",34.00%,>,"$10,000 ",34.00%,>,"$14,000 "
1964,37.50%,>,"$24,000 ",37.50%,>,"$12,000 ",37.50%,>,"$12,000 ",37.50%,>,"$16,000 "
1964,41.00%,>,"$28,000 ",41.00%,>,"$14,000 ",41.00%,>,"$14,000 ",39.00%,>,"$18,000 "
1964,44.50%,>,"$32,000 ",44.50%,>,"$16,000 ",44.50%,>,"$16,000 ",42.50%,>,"$20,000 "
1964,47.50%,>,"$36,000 ",47.50%,>,"$18,000 ",47.50%,>,"$18,000 ",43.50%,>,"$22,000 "
1964,50.50%,>,"$40,000 ",50.50%,>,"$20,000 ",50.50%,>,"$20,000 ",45.50%,>,"$24,000 "
1964,53.50%,>,"$44,000 ",53.50%,>,"$22,000 ",53.50%,>,"$22,000 ",47.00%,>,"$26,000 "
1964,56.00%,>,"$52,000 ",56.00%,>,"$26,000 ",56.00%,>,"$26,000 ",48.50%,>,"$28,000 "
1964,58.50%,>,"$64,000 ",58.50%,>,"$32,000 ",58.50%,>,"$32,000 ",51.50%,>,"$32,000 "
1964,61.00%,>,"$76,000 ",61.00%,>,"$38,000 ",61.00%,>,"$38,000 ",53.00%,>,"$36,000 "
1964,63.50%,>,"$88,000 ",63.50%,>,"$44,000 ",63.50%,>,"$44,000 ",54.00%,>,"$38,000 "
1964,66.00%,>,"$100,000 ",66.00%,>,"$50,000 ",66.00%,>,"$50,000 ",56.00%,>,"$40,000 "
1964,68.50%,>,"$120,000 ",68.50%,>,"$60,000 ",68.50%,>,"$60,000 ",58.50%,>,"$44,000 "
1964,71.00%,>,"$140,000 ",71.00%,>,"$70,000 ",71.00%,>,"$70,000 ",59.50%,>,"$50,000 "
1964,73.50%,>,"$160,000 ",73.50%,>,"$80,000 ",73.50%,>,"$80,000 ",61.00%,>,"$52,000 "
1964,75.00%,>,"$180,000 ",75.00%,>,"$90,000 ",75.00%,>,"$90,000 ",62.00%,>,"$60,000 "
1964,76.50%,>,"$200,000 ",76.50%,>,"$100,000 ",76.50%,>,"$100,000 ",63.50%,>,"$64,000 "
1964,77.00%,>,"$400,000 ",77.00%,>,"$200,000 ",77.00%,>,"$200,000 ",65.00%,>,"$70,000 "
1964,,,,,,,,,,66.00%,>,"$76,000 "
1964,,,,,,,,,,67.00%,>,"$80,000 "
1964,,,,,,,,,,69.00%,>,"$88,000 "
1964,,,,,,,,,,69.50%,>,"$90,000 "
1964,,,,,,,,,,71.00%,>,"$100,000 "
1964,,,,,,,,,,72.50%,>,"$120,000 "
1964,,,,,,,,,,74.00%,>,"$140,000 "
1964,,,,,,,,,,75.00%,>,"$160,000 "
1964,,,,,,,,,,75.50%,>,"$180,000 "
1964,,,,,,,,,,77.00%,>,"$200,000 "
,,,,,,,,,,,,
1963,20.00%,>,$0 ,20.00%,>,$0 ,20.00%,>,$0 ,20.00%,>,$0 
1963,22.00%,>,"$4,000 ",22.00%,>,"$2,000 ",22.00%,>,"$2,000 ",21.00%,>,"$2,000 "
1963,26.00%,>,"$8,000 ",26.00%,>,"$4,000 ",26.00%,>,"$4,000 ",24.00%,>,"$4,000 "
1963,30.00%,>,"$12,000 ",30.00%,>,"$6,000 ",30.00%,>,"$6,000 ",26.00%,>,"$6,000 "
1963,34.00%,>,"$16,000 ",34.00%,>,"$8,000 ",34.00%,>,"$8,000 ",30.00%,>,"$8,000 "
1963,38.00%,>,"$20,000 ",38.00%,>,"$10,000 ",38.00%,>,"$10,000 ",32.00%,>,"$10,000 "
1963,43.00%,>,"$24,000 ",43.00%,>,"$12,000 ",43.00%,>,"$12,000 ",36.00%,>,"$12,000 "
1963,47.00%,>,"$28,000 ",47.00%,>,"$14,000 ",47.00%,>,"$14,000 ",39.00%,>,"$14,000 "
1963,50.00%,>,"$32,000 ",50.00%,>,"$16,000 ",50.00%,>,"$16,000 ",42.00%,>,"$16,000 "
1963,53.00%,>,"$36,000 ",53.00%,>,"$18,000 ",53.00%,>,"$18,000 ",43.00%,>,"$18,000 "
1963,56.00%,>,"$40,000 ",56.00%,>,"$20,000 ",56.00%,>,"$20,000 ",47.00%,>,"$20,000 "
1963,59.00%,>,"$44,000 ",59.00%,>,"$22,000 ",59.00%,>,"$22,000 ",49.00%,>,"$22,000 "
1963,62.00%,>,"$52,000 ",62.00%,>,"$26,000 ",62.00%,>,"$26,000 ",52.00%,>,"$24,000 "
1963,65.00%,>,"$64,000 ",65.00%,>,"$32,000 ",65.00%,>,"$32,000 ",54.00%,>,"$28,000 "
1963,69.00%,>,"$76,000 ",69.00%,>,"$38,000 ",69.00%,>,"$38,000 ",58.00%,>,"$32,000 "
1963,72.00%,>,"$88,000 ",72.00%,>,"$44,000 ",72.00%,>,"$44,000 ",62.00%,>,"$38,000 "
1963,75.00%,>,"$100,000 ",75.00%,>,"$50,000 ",75.00%,>,"$50,000 ",66.00%,>,"$44,000 "
1963,78.00%,>,"$120,000 ",78.00%,>,"$60,000 ",78.00%,>,"$60,000 ",68.00%,>,"$50,000 "
1963,81.00%,>,"$140,000 ",81.00%,>,"$70,000 ",81.00%,>,"$70,000 ",71.00%,>,"$60,000 "
1963,84.00%,>,"$160,000 ",84.00%,>,"$80,000 ",84.00%,>,"$80,000 ",74.00%,>,"$70,000 "
1963,87.00%,>,"$180,000 ",87.00%,>,"$90,000 ",87.00%,>,"$90,000 ",76.00%,>,"$80,000 "
1963,89.00%,>,"$200,000 ",89.00%,>,"$100,000 ",89.00%,>,"$100,000 ",80.00%,>,"$90,000 "
1963,90.00%,>,"$300,000 ",90.00%,>,"$150,000 ",90.00%,>,"$150,000 ",83.00%,>,"$100,000 "
1963,91.00%,>,"$400,000 ",91.00%,>,"$200,000 ",91.00%,>,"$200,000 ",87.00%,>,"$150,000 "
1963,,,,,,,,,,90.00%,>,"$200,000 "
1963,,,,,,,,,,91.00%,>,"$300,000 "
,,,,,,,,,,,,
1962,20.00%,>,$0 ,20.00%,>,$0 ,20.00%,>,$0 ,20.00%,>,$0 
1962,22.00%,>,"$4,000 ",22.00%,>,"$2,000 ",22.00%,>,"$2,000 ",21.00%,>,"$2,000 "
1962,26.00%,>,"$8,000 ",26.00%,>,"$4,000 ",26.00%,>,"$4,000 ",24.00%,>,"$4,000 "
1962,30.00%,>,"$12,000 ",30.00%,>,"$6,000 ",30.00%,>,"$6,000 ",26.00%,>,"$6,000 "
1962,34.00%,>,"$16,000 ",34.00%,>,"$8,000 ",34.00%,>,"$8,000 ",30.00%,>,"$8,000 "
1962,38.00%,>,"$20,000 ",38.00%,>,"$10,000 ",38.00%,>,"$10,000 ",32.00%,>,"$10,000 "
1962,43.00%,>,"$24,000 ",43.00%,>,"$12,000 ",43.00%,>,"$12,000 ",36.00%,>,"$12,000 "
1962,47.00%,>,"$28,000 ",47.00%,>,"$14,000 ",47.00%,>,"$14,000 ",39.00%,>,"$14,000 "
1962,50.00%,>,"$32,000 ",50.00%,>,"$16,000 ",50.00%,>,"$16,000 ",42.00%,>,"$16,000 "
1962,53.00%,>,"$36,000 ",53.00%,>,"$18,000 ",53.00%,>,"$18,000 ",43.00%,>,"$18,000 "
1962,56.00%,>,"$40,000 ",56.00%,>,"$20,000 ",56.00%,>,"$20,000 ",47.00%,>,"$20,000 "
1962,59.00%,>,"$44,000 ",59.00%,>,"$22,000 ",59.00%,>,"$22,000 ",49.00%,>,"$22,000 "
1962,62.00%,>,"$52,000 ",62.00%,>,"$26,000 ",62.00%,>,"$26,000 ",52.00%,>,"$24,000 "
1962,65.00%,>,"$64,000 ",65.00%,>,"$32,000 ",65.00%,>,"$32,000 ",54.00%,>,"$28,000 "
1962,69.00%,>,"$76,000 ",69.00%,>,"$38,000 ",69.00%,>,"$38,000 ",58.00%,>,"$32,000 "
1962,72.00%,>,"$88,000 ",72.00%,>,"$44,000 ",72.00%,>,"$44,000 ",62.00%,>,"$38,000 "
1962,75.00%,>,"$100,000 ",75.00%,>,"$50,000 ",75.00%,>,"$50,000 ",66.00%,>,"$44,000 "
1962,78.00%,>,"$120,000 ",78.00%,>,"$60,000 ",78.00%,>,"$60,000 ",68.00%,>,"$50,000 "
1962,81.00%,>,"$140,000 ",81.00%,>,"$70,000 ",81.00%,>,"$70,000 ",71.00%,>,"$60,000 "
1962,84.00%,>,"$160,000 ",84.00%,>,"$80,000 ",84.00%,>,"$80,000 ",74.00%,>,"$70,000 "
1962,87.00%,>,"$180,000 ",87.00%,>,"$90,000 ",87.00%,>,"$90,000 ",76.00%,>,"$80,000 "
1962,89.00%,>,"$200,000 ",89.00%,>,"$100,000 ",89.00%,>,"$100,000 ",80.00%,>,"$90,000 "
1962,90.00%,>,"$300,000 ",90.00%,>,"$150,000 ",90.00%,>,"$150,000 ",83.00%,>,"$100,000 "
1962,91.00%,>,"$400,000 ",91.00%,>,"$200,000 ",91.00%,>,"$200,000 ",87.00%,>,"$150,000 "
1962,,,,,,,,,,90.00%,>,"$200,000 "
1962,,,,,,,,,,91.00%,>,"$300,000 "
,,,,,,,,,,,,
1961,20.00%,>,$0 ,20.00%,>,$0 ,20.00%,>,$0 ,20.00%,>,$0 
1961,22.00%,>,"$4,000 ",22.00%,>,"$2,000 ",22.00%,>,"$2,000 ",21.00%,>,"$2,000 "
1961,26.00%,>,"$8,000 ",26.00%,>,"$4,000 ",26.00%,>,"$4,000 ",24.00%,>,"$4,000 "
1961,30.00%,>,"$12,000 ",30.00%,>,"$6,000 ",30.00%,>,"$6,000 ",26.00%,>,"$6,000 "
1961,34.00%,>,"$16,000 ",34.00%,>,"$8,000 ",34.00%,>,"$8,000 ",30.00%,>,"$8,000 "
1961,38.00%,>,"$20,000 ",38.00%,>,"$10,000 ",38.00%,>,"$10,000 ",32.00%,>,"$10,000 "
1961,43.00%,>,"$24,000 ",43.00%,>,"$12,000 ",43.00%,>,"$12,000 ",36.00%,>,"$12,000 "
1961,47.00%,>,"$28,000 ",47.00%,>,"$14,000 ",47.00%,>,"$14,000 ",39.00%,>,"$14,000 "
1961,50.00%,>,"$32,000 ",50.00%,>,"$16,000 ",50.00%,>,"$16,000 ",42.00%,>,"$16,000 "
1961,53.00%,>,"$36,000 ",53.00%,>,"$18,000 ",53.00%,>,"$18,000 ",43.00%,>,"$18,000 "
1961,56.00%,>,"$40,000 ",56.00%,>,"$20,000 ",56.00%,>,"$20,000 ",47.00%,>,"$20,000 "
1961,59.00%,>,"$44,000 ",59.00%,>,"$22,000 ",59.00%,>,"$22,000 ",49.00%,>,"$22,000 "
1961,62.00%,>,"$52,000 ",62.00%,>,"$26,000 ",62.00%,>,"$26,000 ",52.00%,>,"$24,000 "
1961,65.00%,>,"$64,000 ",65.00%,>,"$32,000 ",65.00%,>,"$32,000 ",54.00%,>,"$28,000 "
1961,69.00%,>,"$76,000 ",69.00%,>,"$38,000 ",69.00%,>,"$38,000 ",58.00%,>,"$32,000 "
1961,72.00%,>,"$88,000 ",72.00%,>,"$44,000 ",72.00%,>,"$44,000 ",62.00%,>,"$38,000 "
1961,75.00%,>,"$100,000 ",75.00%,>,"$50,000 ",75.00%,>,"$50,000 ",66.00%,>,"$44,000 "
1961,78.00%,>,"$120,000 ",78.00%,>,"$60,000 ",78.00%,>,"$60,000 ",68.00%,>,"$50,000 "
1961,81.00%,>,"$140,000 ",81.00%,>,"$70,000 ",81.00%,>,"$70,000 ",71.00%,>,"$60,000 "
1961,84.00%,>,"$160,000 ",84.00%,>,"$80,000 ",84.00%,>,"$80,000 ",74.00%,>,"$70,000 "
1961,87.00%,>,"$180,000 ",87.00%,>,"$90,000 ",87.00%,>,"$90,000 ",76.00%,>,"$80,000 "
1961,89.00%,>,"$200,000 ",89.00%,>,"$100,000 ",89.00%,>,"$100,000 ",80.00%,>,"$90,000 "
1961,90.00%,>,"$300,000 ",90.00%,>,"$150,000 ",90.00%,>,"$150,000 ",83.00%,>,"$100,000 "
1961,91.00%,>,"$400,000 ",91.00%,>,"$200,000 ",91.00%,>,"$200,000 ",87.00%,>,"$150,000 "
1961,,,,,,,,,,90.00%,>,"$200,000 "
1961,,,,,,,,,,91.00%,>,"$300,000 "
,,,,,,,,,,,,
1960,20.00%,>,$0 ,20.00%,>,$0 ,20.00%,>,$0 ,20.00%,>,$0 
1960,22.00%,>,"$4,000 ",22.00%,>,"$2,000 ",22.00%,>,"$2,000 ",21.00%,>,"$2,000 "
1960,26.00%,>,"$8,000 ",26.00%,>,"$4,000 ",26.00%,>,"$4,000 ",24.00%,>,"$4,000 "
1960,30.00%,>,"$12,000 ",30.00%,>,"$6,000 ",30.00%,>,"$6,000 ",26.00%,>,"$6,000 "
1960,34.00%,>,"$16,000 ",34.00%,>,"$8,000 ",34.00%,>,"$8,000 ",30.00%,>,"$8,000 "
1960,38.00%,>,"$20,000 ",38.00%,>,"$10,000 ",38.00%,>,"$10,000 ",32.00%,>,"$10,000 "
1960,43.00%,>,"$24,000 ",43.00%,>,"$12,000 ",43.00%,>,"$12,000 ",36.00%,>,"$12,000 "
1960,47.00%,>,"$28,000 ",47.00%,>,"$14,000 ",47.00%,>,"$14,000 ",39.00%,>,"$14,000 "
1960,50.00%,>,"$32,000 ",50.00%,>,"$16,000 ",50.00%,>,"$16,000 ",42.00%,>,"$16,000 "
1960,53.00%,>,"$36,000 ",53.00%,>,"$18,000 ",53.00%,>,"$18,000 ",43.00%,>,"$18,000 "
1960,56.00%,>,"$40,000 ",56.00%,>,"$20,000 ",56.00%,>,"$20,000 ",47.00%,>,"$20,000 "
1960,59.00%,>,"$44,000 ",59.00%,>,"$22,000 ",59.00%,>,"$22,000 ",49.00%,>,"$22,000 "
1960,62.00%,>,"$52,000 ",62.00%,>,"$26,000 ",62.00%,>,"$26,000 ",52.00%,>,"$24,000 "
1960,65.00%,>,"$64,000 ",65.00%,>,"$32,000 ",65.00%,>,"$32,000 ",54.00%,>,"$28,000 "
1960,69.00%,>,"$76,000 ",69.00%,>,"$38,000 ",69.00%,>,"$38,000 ",58.00%,>,"$32,000 "
1960,72.00%,>,"$88,000 ",72.00%,>,"$44,000 ",72.00%,>,"$44,000 ",62.00%,>,"$38,000 "
1960,75.00%,>,"$100,000 ",75.00%,>,"$50,000 ",75.00%,>,"$50,000 ",66.00%,>,"$44,000 "
1960,78.00%,>,"$120,000 ",78.00%,>,"$60,000 ",78.00%,>,"$60,000 ",68.00%,>,"$50,000 "
1960,81.00%,>,"$140,000 ",81.00%,>,"$70,000 ",81.00%,>,"$70,000 ",71.00%,>,"$60,000 "
1960,84.00%,>,"$160,000 ",84.00%,>,"$80,000 ",84.00%,>,"$80,000 ",74.00%,>,"$70,000 "
1960,87.00%,>,"$180,000 ",87.00%,>,"$90,000 ",87.00%,>,"$90,000 ",76.00%,>,"$80,000 "
1960,89.00%,>,"$200,000 ",89.00%,>,"$100,000 ",89.00%,>,"$100,000 ",80.00%,>,"$90,000 "
1960,90.00%,>,"$300,000 ",90.00%,>,"$150,000 ",90.00%,>,"$150,000 ",83.00%,>,"$100,000 "
1960,91.00%,>,"$400,000 ",91.00%,>,"$200,000 ",91.00%,>,"$200,000 ",87.00%,>,"$150,000 "
1960,,,,,,,,,,90.00%,>,"$200,000 "
1960,,,,,,,,,,91.00%,>,"$300,000 "
,,,,,,,,,,,,
1959,20.00%,>,$0 ,20.00%,>,$0 ,20.00%,>,$0 ,20.00%,>,$0 
1959,22.00%,>,"$4,000 ",22.00%,>,"$2,000 ",22.00%,>,"$2,000 ",21.00%,>,"$2,000 "
1959,26.00%,>,"$8,000 ",26.00%,>,"$4,000 ",26.00%,>,"$4,000 ",24.00%,>,"$4,000 "
1959,30.00%,>,"$12,000 ",30.00%,>,"$6,000 ",30.00%,>,"$6,000 ",26.00%,>,"$6,000 "
1959,34.00%,>,"$16,000 ",34.00%,>,"$8,000 ",34.00%,>,"$8,000 ",30.00%,>,"$8,000 "
1959,38.00%,>,"$20,000 ",38.00%,>,"$10,000 ",38.00%,>,"$10,000 ",32.00%,>,"$10,000 "
1959,43.00%,>,"$24,000 ",43.00%,>,"$12,000 ",43.00%,>,"$12,000 ",36.00%,>,"$12,000 "
1959,47.00%,>,"$28,000 ",47.00%,>,"$14,000 ",47.00%,>,"$14,000 ",39.00%,>,"$14,000 "
1959,50.00%,>,"$32,000 ",50.00%,>,"$16,000 ",50.00%,>,"$16,000 ",42.00%,>,"$16,000 "
1959,53.00%,>,"$36,000 ",53.00%,>,"$18,000 ",53.00%,>,"$18,000 ",43.00%,>,"$18,000 "
1959,56.00%,>,"$40,000 ",56.00%,>,"$20,000 ",56.00%,>,"$20,000 ",47.00%,>,"$20,000 "
1959,59.00%,>,"$44,000 ",59.00%,>,"$22,000 ",59.00%,>,"$22,000 ",49.00%,>,"$22,000 "
1959,62.00%,>,"$52,000 ",62.00%,>,"$26,000 ",62.00%,>,"$26,000 ",52.00%,>,"$24,000 "
1959,65.00%,>,"$64,000 ",65.00%,>,"$32,000 ",65.00%,>,"$32,000 ",54.00%,>,"$28,000 "
1959,69.00%,>,"$76,000 ",69.00%,>,"$38,000 ",69.00%,>,"$38,000 ",58.00%,>,"$32,000 "
1959,72.00%,>,"$88,000 ",72.00%,>,"$44,000 ",72.00%,>,"$44,000 ",62.00%,>,"$38,000 "
1959,75.00%,>,"$100,000 ",75.00%,>,"$50,000 ",75.00%,>,"$50,000 ",66.00%,>,"$44,000 "
1959,78.00%,>,"$120,000 ",78.00%,>,"$60,000 ",78.00%,>,"$60,000 ",68.00%,>,"$50,000 "
1959,81.00%,>,"$140,000 ",81.00%,>,"$70,000 ",81.00%,>,"$70,000 ",71.00%,>,"$60,000 "
1959,84.00%,>,"$160,000 ",84.00%,>,"$80,000 ",84.00%,>,"$80,000 ",74.00%,>,"$70,000 "
1959,87.00%,>,"$180,000 ",87.00%,>,"$90,000 ",87.00%,>,"$90,000 ",76.00%,>,"$80,000 "
1959,89.00%,>,"$200,000 ",89.00%,>,"$100,000 ",89.00%,>,"$100,000 ",80.00%,>,"$90,000 "
1959,90.00%,>,"$300,000 ",90.00%,>,"$150,000 ",90.00%,>,"$150,000 ",83.00%,>,"$100,000 "
1959,91.00%,>,"$400,000 ",91.00%,>,"$200,000 ",91.00%,>,"$200,000 ",87.00%,>,"$150,000 "
1959,,,,,,,,,,90.00%,>,"$200,000 "
1959,,,,,,,,,,91.00%,>,"$300,000 "
,,,,,,,,,,,,
1958,20.00%,>,$0 ,20.00%,>,$0 ,20.00%,>,$0 ,20.00%,>,$0 
1958,22.00%,>,"$4,000 ",22.00%,>,"$2,000 ",22.00%,>,"$2,000 ",21.00%,>,"$2,000 "
1958,26.00%,>,"$8,000 ",26.00%,>,"$4,000 ",26.00%,>,"$4,000 ",24.00%,>,"$4,000 "
1958,30.00%,>,"$12,000 ",30.00%,>,"$6,000 ",30.00%,>,"$6,000 ",26.00%,>,"$6,000 "
1958,34.00%,>,"$16,000 ",34.00%,>,"$8,000 ",34.00%,>,"$8,000 ",30.00%,>,"$8,000 "
1958,38.00%,>,"$20,000 ",38.00%,>,"$10,000 ",38.00%,>,"$10,000 ",32.00%,>,"$10,000 "
1958,43.00%,>,"$24,000 ",43.00%,>,"$12,000 ",43.00%,>,"$12,000 ",36.00%,>,"$12,000 "
1958,47.00%,>,"$28,000 ",47.00%,>,"$14,000 ",47.00%,>,"$14,000 ",39.00%,>,"$14,000 "
1958,50.00%,>,"$32,000 ",50.00%,>,"$16,000 ",50.00%,>,"$16,000 ",42.00%,>,"$16,000 "
1958,53.00%,>,"$36,000 ",53.00%,>,"$18,000 ",53.00%,>,"$18,000 ",43.00%,>,"$18,000 "
1958,56.00%,>,"$40,000 ",56.00%,>,"$20,000 ",56.00%,>,"$20,000 ",47.00%,>,"$20,000 "
1958,59.00%,>,"$44,000 ",59.00%,>,"$22,000 ",59.00%,>,"$22,000 ",49.00%,>,"$22,000 "
1958,62.00%,>,"$52,000 ",62.00%,>,"$26,000 ",62.00%,>,"$26,000 ",52.00%,>,"$24,000 "
1958,65.00%,>,"$64,000 ",65.00%,>,"$32,000 ",65.00%,>,"$32,000 ",54.00%,>,"$28,000 "
1958,69.00%,>,"$76,000 ",69.00%,>,"$38,000 ",69.00%,>,"$38,000 ",58.00%,>,"$32,000 "
1958,72.00%,>,"$88,000 ",72.00%,>,"$44,000 ",72.00%,>,"$44,000 ",62.00%,>,"$38,000 "
1958,75.00%,>,"$100,000 ",75.00%,>,"$50,000 ",75.00%,>,"$50,000 ",66.00%,>,"$44,000 "
1958,78.00%,>,"$120,000 ",78.00%,>,"$60,000 ",78.00%,>,"$60,000 ",68.00%,>,"$50,000 "
1958,81.00%,>,"$140,000 ",81.00%,>,"$70,000 ",81.00%,>,"$70,000 ",71.00%,>,"$60,000 "
1958,84.00%,>,"$160,000 ",84.00%,>,"$80,000 ",84.00%,>,"$80,000 ",74.00%,>,"$70,000 "
1958,87.00%,>,"$180,000 ",87.00%,>,"$90,000 ",87.00%,>,"$90,000 ",76.00%,>,"$80,000 "
1958,89.00%,>,"$200,000 ",89.00%,>,"$100,000 ",89.00%,>,"$100,000 ",80.00%,>,"$90,000 "
1958,90.00%,>,"$300,000 ",90.00%,>,"$150,000 ",90.00%,>,"$150,000 ",83.00%,>,"$100,000 "
1958,91.00%,>,"$400,000 ",91.00%,>,"$200,000 ",91.00%,>,"$200,000 ",87.00%,>,"$150,000 "
1958,,,,,,,,,,90.00%,>,"$200,000 "
1958,,,,,,,,,,91.00%,>,"$300,000 "
,,,,,,,,,,,,
1957,20.00%,>,$0 ,20.00%,>,$0 ,20.00%,>,$0 ,20.00%,>,$0 
1957,22.00%,>,"$4,000 ",22.00%,>,"$2,000 ",22.00%,>,"$2,000 ",21.00%,>,"$2,000 "
1957,26.00%,>,"$8,000 ",26.00%,>,"$4,000 ",26.00%,>,"$4,000 ",24.00%,>,"$4,000 "
1957,30.00%,>,"$12,000 ",30.00%,>,"$6,000 ",30.00%,>,"$6,000 ",26.00%,>,"$6,000 "
1957,34.00%,>,"$16,000 ",34.00%,>,"$8,000 ",34.00%,>,"$8,000 ",30.00%,>,"$8,000 "
1957,38.00%,>,"$20,000 ",38.00%,>,"$10,000 ",38.00%,>,"$10,000 ",32.00%,>,"$10,000 "
1957,43.00%,>,"$24,000 ",43.00%,>,"$12,000 ",43.00%,>,"$12,000 ",36.00%,>,"$12,000 "
1957,47.00%,>,"$28,000 ",47.00%,>,"$14,000 ",47.00%,>,"$14,000 ",39.00%,>,"$14,000 "
1957,50.00%,>,"$32,000 ",50.00%,>,"$16,000 ",50.00%,>,"$16,000 ",42.00%,>,"$16,000 "
1957,53.00%,>,"$36,000 ",53.00%,>,"$18,000 ",53.00%,>,"$18,000 ",43.00%,>,"$18,000 "
1957,56.00%,>,"$40,000 ",56.00%,>,"$20,000 ",56.00%,>,"$20,000 ",47.00%,>,"$20,000 "
1957,59.00%,>,"$44,000 ",59.00%,>,"$22,000 ",59.00%,>,"$22,000 ",49.00%,>,"$22,000 "
1957,62.00%,>,"$52,000 ",62.00%,>,"$26,000 ",62.00%,>,"$26,000 ",52.00%,>,"$24,000 "
1957,65.00%,>,"$64,000 ",65.00%,>,"$32,000 ",65.00%,>,"$32,000 ",54.00%,>,"$28,000 "
1957,69.00%,>,"$76,000 ",69.00%,>,"$38,000 ",69.00%,>,"$38,000 ",58.00%,>,"$32,000 "
1957,72.00%,>,"$88,000 ",72.00%,>,"$44,000 ",72.00%,>,"$44,000 ",62.00%,>,"$38,000 "
1957,75.00%,>,"$100,000 ",75.00%,>,"$50,000 ",75.00%,>,"$50,000 ",66.00%,>,"$44,000 "
1957,78.00%,>,"$120,000 ",78.00%,>,"$60,000 ",78.00%,>,"$60,000 ",68.00%,>,"$50,000 "
1957,81.00%,>,"$140,000 ",81.00%,>,"$70,000 ",81.00%,>,"$70,000 ",71.00%,>,"$60,000 "
1957,84.00%,>,"$160,000 ",84.00%,>,"$80,000 ",84.00%,>,"$80,000 ",74.00%,>,"$70,000 "
1957,87.00%,>,"$180,000 ",87.00%,>,"$90,000 ",87.00%,>,"$90,000 ",76.00%,>,"$80,000 "
1957,89.00%,>,"$200,000 ",89.00%,>,"$100,000 ",89.00%,>,"$100,000 ",80.00%,>,"$90,000 "
1957,90.00%,>,"$300,000 ",90.00%,>,"$150,000 ",90.00%,>,"$150,000 ",83.00%,>,"$100,000 "
1957,91.00%,>,"$400,000 ",91.00%,>,"$200,000 ",91.00%,>,"$200,000 ",87.00%,>,"$150,000 "
1957,,,,,,,,,,90.00%,>,"$200,000 "
1957,,,,,,,,,,91.00%,>,"$300,000 "
,,,,,,,,,,,,
1956,20.00%,>,$0 ,20.00%,>,$0 ,20.00%,>,$0 ,20.00%,>,$0 
1956,22.00%,>,"$4,000 ",22.00%,>,"$2,000 ",22.00%,>,"$2,000 ",21.00%,>,"$2,000 "
1956,26.00%,>,"$8,000 ",26.00%,>,"$4,000 ",26.00%,>,"$4,000 ",24.00%,>,"$4,000 "
1956,30.00%,>,"$12,000 ",30.00%,>,"$6,000 ",30.00%,>,"$6,000 ",26.00%,>,"$6,000 "
1956,34.00%,>,"$16,000 ",34.00%,>,"$8,000 ",34.00%,>,"$8,000 ",30.00%,>,"$8,000 "
1956,38.00%,>,"$20,000 ",38.00%,>,"$10,000 ",38.00%,>,"$10,000 ",32.00%,>,"$10,000 "
1956,43.00%,>,"$24,000 ",43.00%,>,"$12,000 ",43.00%,>,"$12,000 ",36.00%,>,"$12,000 "
1956,47.00%,>,"$28,000 ",47.00%,>,"$14,000 ",47.00%,>,"$14,000 ",39.00%,>,"$14,000 "
1956,50.00%,>,"$32,000 ",50.00%,>,"$16,000 ",50.00%,>,"$16,000 ",42.00%,>,"$16,000 "
1956,53.00%,>,"$36,000 ",53.00%,>,"$18,000 ",53.00%,>,"$18,000 ",43.00%,>,"$18,000 "
1956,56.00%,>,"$40,000 ",56.00%,>,"$20,000 ",56.00%,>,"$20,000 ",47.00%,>,"$20,000 "
1956,59.00%,>,"$44,000 ",59.00%,>,"$22,000 ",59.00%,>,"$22,000 ",49.00%,>,"$22,000 "
1956,62.00%,>,"$52,000 ",62.00%,>,"$26,000 ",62.00%,>,"$26,000 ",52.00%,>,"$24,000 "
1956,65.00%,>,"$64,000 ",65.00%,>,"$32,000 ",65.00%,>,"$32,000 ",54.00%,>,"$28,000 "
1956,69.00%,>,"$76,000 ",69.00%,>,"$38,000 ",69.00%,>,"$38,000 ",58.00%,>,"$32,000 "
1956,72.00%,>,"$88,000 ",72.00%,>,"$44,000 ",72.00%,>,"$44,000 ",62.00%,>,"$38,000 "
1956,75.00%,>,"$100,000 ",75.00%,>,"$50,000 ",75.00%,>,"$50,000 ",66.00%,>,"$44,000 "
1956,78.00%,>,"$120,000 ",78.00%,>,"$60,000 ",78.00%,>,"$60,000 ",68.00%,>,"$50,000 "
1956,81.00%,>,"$140,000 ",81.00%,>,"$70,000 ",81.00%,>,"$70,000 ",71.00%,>,"$60,000 "
1956,84.00%,>,"$160,000 ",84.00%,>,"$80,000 ",84.00%,>,"$80,000 ",74.00%,>,"$70,000 "
1956,87.00%,>,"$180,000 ",87.00%,>,"$90,000 ",87.00%,>,"$90,000 ",76.00%,>,"$80,000 "
1956,89.00%,>,"$200,000 ",89.00%,>,"$100,000 ",89.00%,>,"$100,000 ",80.00%,>,"$90,000 "
1956,90.00%,>,"$300,000 ",90.00%,>,"$150,000 ",90.00%,>,"$150,000 ",83.00%,>,"$100,000 "
1956,91.00%,>,"$400,000 ",91.00%,>,"$200,000 ",91.00%,>,"$200,000 ",87.00%,>,"$150,000 "
1956,,,,,,,,,,90.00%,>,"$200,000 "
1956,,,,,,,,,,91.00%,>,"$300,000 "
,,,,,,,,,,,,
1955,20.00%,>,$0 ,20.00%,>,$0 ,20.00%,>,$0 ,20.00%,>,$0 
1955,22.00%,>,"$4,000 ",22.00%,>,"$2,000 ",22.00%,>,"$2,000 ",21.00%,>,"$2,000 "
1955,26.00%,>,"$8,000 ",26.00%,>,"$4,000 ",26.00%,>,"$4,000 ",24.00%,>,"$4,000 "
1955,30.00%,>,"$12,000 ",30.00%,>,"$6,000 ",30.00%,>,"$6,000 ",26.00%,>,"$6,000 "
1955,34.00%,>,"$16,000 ",34.00%,>,"$8,000 ",34.00%,>,"$8,000 ",30.00%,>,"$8,000 "
1955,38.00%,>,"$20,000 ",38.00%,>,"$10,000 ",38.00%,>,"$10,000 ",32.00%,>,"$10,000 "
1955,43.00%,>,"$24,000 ",43.00%,>,"$12,000 ",43.00%,>,"$12,000 ",36.00%,>,"$12,000 "
1955,47.00%,>,"$28,000 ",47.00%,>,"$14,000 ",47.00%,>,"$14,000 ",39.00%,>,"$14,000 "
1955,50.00%,>,"$32,000 ",50.00%,>,"$16,000 ",50.00%,>,"$16,000 ",42.00%,>,"$16,000 "
1955,53.00%,>,"$36,000 ",53.00%,>,"$18,000 ",53.00%,>,"$18,000 ",43.00%,>,"$18,000 "
1955,56.00%,>,"$40,000 ",56.00%,>,"$20,000 ",56.00%,>,"$20,000 ",47.00%,>,"$20,000 "
1955,59.00%,>,"$44,000 ",59.00%,>,"$22,000 ",59.00%,>,"$22,000 ",49.00%,>,"$22,000 "
1955,62.00%,>,"$52,000 ",62.00%,>,"$26,000 ",62.00%,>,"$26,000 ",52.00%,>,"$24,000 "
1955,65.00%,>,"$64,000 ",65.00%,>,"$32,000 ",65.00%,>,"$32,000 ",54.00%,>,"$28,000 "
1955,69.00%,>,"$76,000 ",69.00%,>,"$38,000 ",69.00%,>,"$38,000 ",58.00%,>,"$32,000 "
1955,72.00%,>,"$88,000 ",72.00%,>,"$44,000 ",72.00%,>,"$44,000 ",62.00%,>,"$38,000 "
1955,75.00%,>,"$100,000 ",75.00%,>,"$50,000 ",75.00%,>,"$50,000 ",66.00%,>,"$44,000 "
1955,78.00%,>,"$120,000 ",78.00%,>,"$60,000 ",78.00%,>,"$60,000 ",68.00%,>,"$50,000 "
1955,81.00%,>,"$140,000 ",81.00%,>,"$70,000 ",81.00%,>,"$70,000 ",71.00%,>,"$60,000 "
1955,84.00%,>,"$160,000 ",84.00%,>,"$80,000 ",84.00%,>,"$80,000 ",74.00%,>,"$70,000 "
1955,87.00%,>,"$180,000 ",87.00%,>,"$90,000 ",87.00%,>,"$90,000 ",76.00%,>,"$80,000 "
1955,89.00%,>,"$200,000 ",89.00%,>,"$100,000 ",89.00%,>,"$100,000 ",80.00%,>,"$90,000 "
1955,90.00%,>,"$300,000 ",90.00%,>,"$150,000 ",90.00%,>,"$150,000 ",83.00%,>,"$100,000 "
1955,91.00%,>,"$400,000 ",91.00%,>,"$200,000 ",91.00%,>,"$200,000 ",87.00%,>,"$150,000 "
1955,,,,,,,,,,90.00%,>,"$200,000 "
1955,,,,,,,,,,91.00%,>,"$300,000 "
,,,,,,,,,,,,
1954,20.00%,>,$0 ,20.00%,>,$0 ,20.00%,>,$0 ,20.00%,>,$0 
1954,22.00%,>,"$4,000 ",22.00%,>,"$2,000 ",22.00%,>,"$2,000 ",21.00%,>,"$2,000 "
1954,26.00%,>,"$8,000 ",26.00%,>,"$4,000 ",26.00%,>,"$4,000 ",24.00%,>,"$4,000 "
1954,30.00%,>,"$12,000 ",30.00%,>,"$6,000 ",30.00%,>,"$6,000 ",26.00%,>,"$6,000 "
1954,34.00%,>,"$16,000 ",34.00%,>,"$8,000 ",34.00%,>,"$8,000 ",30.00%,>,"$8,000 "
1954,38.00%,>,"$20,000 ",38.00%,>,"$10,000 ",38.00%,>,"$10,000 ",32.00%,>,"$10,000 "
1954,43.00%,>,"$24,000 ",43.00%,>,"$12,000 ",43.00%,>,"$12,000 ",36.00%,>,"$12,000 "
1954,47.00%,>,"$28,000 ",47.00%,>,"$14,000 ",47.00%,>,"$14,000 ",39.00%,>,"$14,000 "
1954,50.00%,>,"$32,000 ",50.00%,>,"$16,000 ",50.00%,>,"$16,000 ",42.00%,>,"$16,000 "
1954,53.00%,>,"$36,000 ",53.00%,>,"$18,000 ",53.00%,>,"$18,000 ",43.00%,>,"$18,000 "
1954,56.00%,>,"$40,000 ",56.00%,>,"$20,000 ",56.00%,>,"$20,000 ",47.00%,>,"$20,000 "
1954,59.00%,>,"$44,000 ",59.00%,>,"$22,000 ",59.00%,>,"$22,000 ",49.00%,>,"$22,000 "
1954,62.00%,>,"$52,000 ",62.00%,>,"$26,000 ",62.00%,>,"$26,000 ",52.00%,>,"$24,000 "
1954,65.00%,>,"$64,000 ",65.00%,>,"$32,000 ",65.00%,>,"$32,000 ",54.00%,>,"$28,000 "
1954,69.00%,>,"$76,000 ",69.00%,>,"$38,000 ",69.00%,>,"$38,000 ",58.00%,>,"$32,000 "
1954,72.00%,>,"$88,000 ",72.00%,>,"$44,000 ",72.00%,>,"$44,000 ",62.00%,>,"$38,000 "
1954,75.00%,>,"$100,000 ",75.00%,>,"$50,000 ",75.00%,>,"$50,000 ",66.00%,>,"$44,000 "
1954,78.00%,>,"$120,000 ",78.00%,>,"$60,000 ",78.00%,>,"$60,000 ",68.00%,>,"$50,000 "
1954,81.00%,>,"$140,000 ",81.00%,>,"$70,000 ",81.00%,>,"$70,000 ",71.00%,>,"$60,000 "
1954,84.00%,>,"$160,000 ",84.00%,>,"$80,000 ",84.00%,>,"$80,000 ",74.00%,>,"$70,000 "
1954,87.00%,>,"$180,000 ",87.00%,>,"$90,000 ",87.00%,>,"$90,000 ",76.00%,>,"$80,000 "
1954,89.00%,>,"$200,000 ",89.00%,>,"$100,000 ",89.00%,>,"$100,000 ",80.00%,>,"$90,000 "
1954,90.00%,>,"$300,000 ",90.00%,>,"$150,000 ",90.00%,>,"$150,000 ",83.00%,>,"$100,000 "
1954,91.00%,>,"$400,000 ",91.00%,>,"$200,000 ",91.00%,>,"$200,000 ",87.00%,>,"$150,000 "
1954,,,,,,,,,,90.00%,>,"$200,000 "
1954,,,,,,,,,,91.00%,>,"$300,000 "
,,,,,,,,,,,,
1953,22.20%,>,$0 ,22.20%,>,$0 ,22.20%,>,$0 ,22.20%,>,$0 
1953,24.60%,>,"$4,000 ",24.60%,>,"$2,000 ",24.60%,>,"$2,000 ",23.40%,>,"$2,000 "
1953,29.00%,>,"$8,000 ",29.00%,>,"$4,000 ",29.00%,>,"$4,000 ",27.00%,>,"$4,000 "
1953,34.00%,>,"$12,000 ",34.00%,>,"$6,000 ",34.00%,>,"$6,000 ",29.00%,>,"$6,000 "
1953,38.00%,>,"$16,000 ",38.00%,>,"$8,000 ",38.00%,>,"$8,000 ",34.00%,>,"$8,000 "
1953,42.00%,>,"$20,000 ",42.00%,>,"$10,000 ",42.00%,>,"$10,000 ",35.00%,>,"$10,000 "
1953,48.00%,>,"$24,000 ",48.00%,>,"$12,000 ",48.00%,>,"$12,000 ",41.00%,>,"$12,000 "
1953,53.00%,>,"$28,000 ",53.00%,>,"$14,000 ",53.00%,>,"$14,000 ",44.00%,>,"$14,000 "
1953,56.00%,>,"$32,000 ",56.00%,>,"$16,000 ",56.00%,>,"$16,000 ",47.00%,>,"$16,000 "
1953,59.00%,>,"$36,000 ",59.00%,>,"$18,000 ",59.00%,>,"$18,000 ",48.00%,>,"$18,000 "
1953,62.00%,>,"$40,000 ",62.00%,>,"$20,000 ",62.00%,>,"$20,000 ",52.00%,>,"$20,000 "
1953,66.00%,>,"$44,000 ",66.00%,>,"$22,000 ",66.00%,>,"$22,000 ",54.00%,>,"$22,000 "
1953,67.00%,>,"$52,000 ",67.00%,>,"$26,000 ",67.00%,>,"$26,000 ",57.00%,>,"$24,000 "
1953,68.00%,>,"$64,000 ",68.00%,>,"$32,000 ",68.00%,>,"$32,000 ",60.00%,>,"$28,000 "
1953,72.00%,>,"$76,000 ",72.00%,>,"$38,000 ",72.00%,>,"$38,000 ",63.00%,>,"$32,000 "
1953,75.00%,>,"$88,000 ",75.00%,>,"$44,000 ",75.00%,>,"$44,000 ",66.00%,>,"$38,000 "
1953,77.00%,>,"$100,000 ",77.00%,>,"$50,000 ",77.00%,>,"$50,000 ",71.00%,>,"$44,000 "
1953,80.00%,>,"$120,000 ",80.00%,>,"$60,000 ",80.00%,>,"$60,000 ",72.00%,>,"$50,000 "
1953,83.00%,>,"$140,000 ",83.00%,>,"$70,000 ",83.00%,>,"$70,000 ",73.00%,>,"$60,000 "
1953,85.00%,>,"$160,000 ",85.00%,>,"$80,000 ",85.00%,>,"$80,000 ",77.00%,>,"$70,000 "
1953,88.00%,>,"$180,000 ",88.00%,>,"$90,000 ",88.00%,>,"$90,000 ",79.00%,>,"$80,000 "
1953,90.00%,>,"$200,000 ",90.00%,>,"$100,000 ",90.00%,>,"$100,000 ",81.00%,>,"$90,000 "
1953,91.00%,>,"$300,000 ",91.00%,>,"$150,000 ",91.00%,>,"$150,000 ",85.00%,>,"$100,000 "
1953,92.00%,>,"$400,000 ",92.00%,>,"$200,000 ",92.00%,>,"$200,000 ",88.00%,>,"$150,000 "
1953,,,,,,,,,,91.00%,>,"$200,000 "
1953,,,,,,,,,,92.00%,>,"$300,000 "
,,,,,,,,,,,,
1952,22.20%,>,$0 ,22.20%,>,$0 ,22.20%,>,$0 ,22.20%,>,$0 
1952,24.60%,>,"$4,000 ",24.60%,>,"$2,000 ",24.60%,>,"$2,000 ",23.40%,>,"$2,000 "
1952,29.00%,>,"$8,000 ",29.00%,>,"$4,000 ",29.00%,>,"$4,000 ",27.00%,>,"$4,000 "
1952,34.00%,>,"$12,000 ",34.00%,>,"$6,000 ",34.00%,>,"$6,000 ",29.00%,>,"$6,000 "
1952,38.00%,>,"$16,000 ",38.00%,>,"$8,000 ",38.00%,>,"$8,000 ",34.00%,>,"$8,000 "
1952,42.00%,>,"$20,000 ",42.00%,>,"$10,000 ",42.00%,>,"$10,000 ",35.00%,>,"$10,000 "
1952,48.00%,>,"$24,000 ",48.00%,>,"$12,000 ",48.00%,>,"$12,000 ",41.00%,>,"$12,000 "
1952,53.00%,>,"$28,000 ",53.00%,>,"$14,000 ",53.00%,>,"$14,000 ",44.00%,>,"$14,000 "
1952,56.00%,>,"$32,000 ",56.00%,>,"$16,000 ",56.00%,>,"$16,000 ",47.00%,>,"$16,000 "
1952,59.00%,>,"$36,000 ",59.00%,>,"$18,000 ",59.00%,>,"$18,000 ",48.00%,>,"$18,000 "
1952,62.00%,>,"$40,000 ",62.00%,>,"$20,000 ",62.00%,>,"$20,000 ",52.00%,>,"$20,000 "
1952,66.00%,>,"$44,000 ",66.00%,>,"$22,000 ",66.00%,>,"$22,000 ",54.00%,>,"$22,000 "
1952,67.00%,>,"$52,000 ",67.00%,>,"$26,000 ",67.00%,>,"$26,000 ",57.00%,>,"$24,000 "
1952,68.00%,>,"$64,000 ",68.00%,>,"$32,000 ",68.00%,>,"$32,000 ",60.00%,>,"$28,000 "
1952,72.00%,>,"$76,000 ",72.00%,>,"$38,000 ",72.00%,>,"$38,000 ",63.00%,>,"$32,000 "
1952,75.00%,>,"$88,000 ",75.00%,>,"$44,000 ",75.00%,>,"$44,000 ",66.00%,>,"$38,000 "
1952,77.00%,>,"$100,000 ",77.00%,>,"$50,000 ",77.00%,>,"$50,000 ",71.00%,>,"$44,000 "
1952,80.00%,>,"$120,000 ",80.00%,>,"$60,000 ",80.00%,>,"$60,000 ",72.00%,>,"$50,000 "
1952,83.00%,>,"$140,000 ",83.00%,>,"$70,000 ",83.00%,>,"$70,000 ",73.00%,>,"$60,000 "
1952,85.00%,>,"$160,000 ",85.00%,>,"$80,000 ",85.00%,>,"$80,000 ",77.00%,>,"$70,000 "
1952,88.00%,>,"$180,000 ",88.00%,>,"$90,000 ",88.00%,>,"$90,000 ",79.00%,>,"$80,000 "
1952,90.00%,>,"$200,000 ",90.00%,>,"$100,000 ",90.00%,>,"$100,000 ",81.00%,>,"$90,000 "
1952,91.00%,>,"$300,000 ",91.00%,>,"$150,000 ",91.00%,>,"$150,000 ",85.00%,>,"$100,000 "
1952,92.00%,>,"$400,000 ",92.00%,>,"$200,000 ",92.00%,>,"$200,000 ",88.00%,>,"$150,000 "
1952,,,,,,,,,,91.00%,>,"$200,000 "
1952,,,,,,,,,,92.00%,>,"$300,000 "
,,,,,,,,,,,,
1951,20.40%,>,$0 ,20.40%,>,$0 ,20.40%,>,$0 ,20.40%,>,$0 
1951,22.40%,>,"$4,000 ",22.40%,>,"$2,000 ",22.40%,>,"$2,000 ",22.40%,>,"$2,000 "
1951,27.00%,>,"$8,000 ",27.00%,>,"$4,000 ",27.00%,>,"$4,000 ",27.00%,>,"$4,000 "
1951,30.00%,>,"$12,000 ",30.00%,>,"$6,000 ",30.00%,>,"$6,000 ",30.00%,>,"$6,000 "
1951,35.00%,>,"$16,000 ",35.00%,>,"$8,000 ",35.00%,>,"$8,000 ",35.00%,>,"$8,000 "
1951,39.00%,>,"$20,000 ",39.00%,>,"$10,000 ",39.00%,>,"$10,000 ",39.00%,>,"$10,000 "
1951,43.00%,>,"$24,000 ",43.00%,>,"$12,000 ",43.00%,>,"$12,000 ",43.00%,>,"$12,000 "
1951,48.00%,>,"$28,000 ",48.00%,>,"$14,000 ",48.00%,>,"$14,000 ",48.00%,>,"$14,000 "
1951,51.00%,>,"$32,000 ",51.00%,>,"$16,000 ",51.00%,>,"$16,000 ",51.00%,>,"$16,000 "
1951,54.00%,>,"$36,000 ",54.00%,>,"$18,000 ",54.00%,>,"$18,000 ",54.00%,>,"$18,000 "
1951,57.00%,>,"$40,000 ",57.00%,>,"$20,000 ",57.00%,>,"$20,000 ",57.00%,>,"$20,000 "
1951,60.00%,>,"$44,000 ",60.00%,>,"$22,000 ",60.00%,>,"$22,000 ",60.00%,>,"$22,000 "
1951,63.00%,>,"$52,000 ",63.00%,>,"$26,000 ",63.00%,>,"$26,000 ",63.00%,>,"$26,000 "
1951,66.00%,>,"$64,000 ",66.00%,>,"$32,000 ",66.00%,>,"$32,000 ",66.00%,>,"$32,000 "
1951,69.00%,>,"$76,000 ",69.00%,>,"$38,000 ",69.00%,>,"$38,000 ",69.00%,>,"$38,000 "
1951,73.00%,>,"$88,000 ",73.00%,>,"$44,000 ",73.00%,>,"$44,000 ",73.00%,>,"$44,000 "
1951,75.00%,>,"$100,000 ",75.00%,>,"$50,000 ",75.00%,>,"$50,000 ",75.00%,>,"$50,000 "
1951,78.00%,>,"$120,000 ",78.00%,>,"$60,000 ",78.00%,>,"$60,000 ",78.00%,>,"$60,000 "
1951,82.00%,>,"$140,000 ",82.00%,>,"$70,000 ",82.00%,>,"$70,000 ",82.00%,>,"$70,000 "
1951,84.00%,>,"$160,000 ",84.00%,>,"$80,000 ",84.00%,>,"$80,000 ",84.00%,>,"$80,000 "
1951,87.00%,>,"$180,000 ",87.00%,>,"$90,000 ",87.00%,>,"$90,000 ",87.00%,>,"$90,000 "
1951,89.00%,>,"$200,000 ",89.00%,>,"$100,000 ",89.00%,>,"$100,000 ",89.00%,>,"$100,000 "
1951,90.00%,>,"$300,000 ",90.00%,>,"$150,000 ",90.00%,>,"$150,000 ",90.00%,>,"$150,000 "
1951,91.00%,>,"$400,000 ",91.00%,>,"$200,000 ",91.00%,>,"$200,000 ",91.00%,>,"$200,000 "
,,,,,,,,,,,,
1950,20.00%,>,$0 ,20.00%,>,$0 ,20.00%,>,$0 ,20.00%,>,$0 
1950,22.00%,>,"$4,000 ",22.00%,>,"$2,000 ",22.00%,>,"$2,000 ",22.00%,>,"$2,000 "
1950,26.00%,>,"$8,000 ",26.00%,>,"$4,000 ",26.00%,>,"$4,000 ",26.00%,>,"$4,000 "
1950,30.00%,>,"$12,000 ",30.00%,>,"$6,000 ",30.00%,>,"$6,000 ",30.00%,>,"$6,000 "
1950,34.00%,>,"$16,000 ",34.00%,>,"$8,000 ",34.00%,>,"$8,000 ",34.00%,>,"$8,000 "
1950,38.00%,>,"$20,000 ",38.00%,>,"$10,000 ",38.00%,>,"$10,000 ",38.00%,>,"$10,000 "
1950,43.00%,>,"$24,000 ",43.00%,>,"$12,000 ",43.00%,>,"$12,000 ",43.00%,>,"$12,000 "
1950,47.00%,>,"$28,000 ",47.00%,>,"$14,000 ",47.00%,>,"$14,000 ",47.00%,>,"$14,000 "
1950,50.00%,>,"$32,000 ",50.00%,>,"$16,000 ",50.00%,>,"$16,000 ",50.00%,>,"$16,000 "
1950,53.00%,>,"$36,000 ",53.00%,>,"$18,000 ",53.00%,>,"$18,000 ",53.00%,>,"$18,000 "
1950,56.00%,>,"$40,000 ",56.00%,>,"$20,000 ",56.00%,>,"$20,000 ",56.00%,>,"$20,000 "
1950,59.00%,>,"$44,000 ",59.00%,>,"$22,000 ",59.00%,>,"$22,000 ",59.00%,>,"$22,000 "
1950,62.00%,>,"$52,000 ",62.00%,>,"$26,000 ",62.00%,>,"$26,000 ",62.00%,>,"$26,000 "
1950,65.00%,>,"$64,000 ",65.00%,>,"$32,000 ",65.00%,>,"$32,000 ",65.00%,>,"$32,000 "
1950,69.00%,>,"$76,000 ",69.00%,>,"$38,000 ",69.00%,>,"$38,000 ",69.00%,>,"$38,000 "
1950,72.00%,>,"$88,000 ",72.00%,>,"$44,000 ",72.00%,>,"$44,000 ",72.00%,>,"$44,000 "
1950,75.00%,>,"$100,000 ",75.00%,>,"$50,000 ",75.00%,>,"$50,000 ",75.00%,>,"$50,000 "
1950,78.00%,>,"$120,000 ",78.00%,>,"$60,000 ",78.00%,>,"$60,000 ",78.00%,>,"$60,000 "
1950,81.00%,>,"$140,000 ",81.00%,>,"$70,000 ",81.00%,>,"$70,000 ",81.00%,>,"$70,000 "
1950,84.00%,>,"$160,000 ",84.00%,>,"$80,000 ",84.00%,>,"$80,000 ",84.00%,>,"$80,000 "
1950,87.00%,>,"$180,000 ",87.00%,>,"$90,000 ",87.00%,>,"$90,000 ",87.00%,>,"$90,000 "
1950,89.00%,>,"$200,000 ",89.00%,>,"$100,000 ",89.00%,>,"$100,000 ",89.00%,>,"$100,000 "
1950,90.00%,>,"$300,000 ",90.00%,>,"$150,000 ",90.00%,>,"$150,000 ",90.00%,>,"$150,000 "
1950,91.00%,>,"$400,000 ",91.00%,>,"$200,000 ",91.00%,>,"$200,000 ",91.00%,>,"$200,000 "